[
	{
		"id": "1428",
		"conflict_degree":1,
		"stitch_degree":1,
		"conflict": [
			{"id": "1426"}
		],
		"stitch": [
			{"id": "1429"}
		]
	},
	{
		"id": "1429",
		"conflict_degree":7,
		"stitch_degree":3,
		"conflict": [
			{"id": "1427"},
			{"id": "1453"},
			{"id": "1455"},
			{"id": "1456"},
			{"id": "1457"},
			{"id": "1458"},
			{"id": "1459"}
		],
		"stitch": [
			{"id": "1428"},
			{"id": "1430"},
			{"id": "1432"}
		]
	},
	{
		"id": "1430",
		"conflict_degree":6,
		"stitch_degree":2,
		"conflict": [
			{"id": "1427"},
			{"id": "1434"},
			{"id": "1435"},
			{"id": "1455"},
			{"id": "1456"},
			{"id": "1458"}
		],
		"stitch": [
			{"id": "1429"},
			{"id": "1431"}
		]
	},
	{
		"id": "1431",
		"conflict_degree":3,
		"stitch_degree":1,
		"conflict": [
			{"id": "1434"},
			{"id": "1435"},
			{"id": "1458"}
		],
		"stitch": [
			{"id": "1430"}
		]
	},
	{
		"id": "1432",
		"conflict_degree":2,
		"stitch_degree":2,
		"conflict": [
			{"id": "1452"},
			{"id": "1459"}
		],
		"stitch": [
			{"id": "1429"},
			{"id": "1433"}
		]
	},
	{
		"id": "1433",
		"conflict_degree":1,
		"stitch_degree":1,
		"conflict": [
			{"id": "1452"}
		],
		"stitch": [
			{"id": "1432"}
		]
	},
	{
		"id": "1435",
		"conflict_degree":4,
		"stitch_degree":1,
		"conflict": [
			{"id": "1430"},
			{"id": "1431"},
			{"id": "1434"},
			{"id": "1456"}
		],
		"stitch": [
			{"id": "1436"}
		]
	},
	{
		"id": "1436",
		"conflict_degree":2,
		"stitch_degree":2,
		"conflict": [
			{"id": "1434"},
			{"id": "1439"}
		],
		"stitch": [
			{"id": "1435"},
			{"id": "1437"}
		]
	},
	{
		"id": "1437",
		"conflict_degree":5,
		"stitch_degree":1,
		"conflict": [
			{"id": "1438"},
			{"id": "1439"},
			{"id": "1440"},
			{"id": "1451"},
			{"id": "1452"}
		],
		"stitch": [
			{"id": "1436"}
		]
	},
	{
		"id": "1452",
		"conflict_degree":5,
		"stitch_degree":0,
		"conflict": [
			{"id": "1432"},
			{"id": "1433"},
			{"id": "1437"},
			{"id": "1453"},
			{"id": "1454"}
		],
		"stitch": []
	},
	{
		"id": "1453",
		"conflict_degree":4,
		"stitch_degree":1,
		"conflict": [
			{"id": "1429"},
			{"id": "1452"},
			{"id": "1455"},
			{"id": "1456"}
		],
		"stitch": [
			{"id": "1454"}
		]
	},
	{
		"id": "1454",
		"conflict_degree":3,
		"stitch_degree":1,
		"conflict": [
			{"id": "1452"},
			{"id": "1455"},
			{"id": "1456"}
		],
		"stitch": [
			{"id": "1453"}
		]
	},
	{
		"id": "1455",
		"conflict_degree":4,
		"stitch_degree":1,
		"conflict": [
			{"id": "1429"},
			{"id": "1430"},
			{"id": "1453"},
			{"id": "1454"}
		],
		"stitch": [
			{"id": "1456"}
		]
	},
	{
		"id": "1456",
		"conflict_degree":5,
		"stitch_degree":1,
		"conflict": [
			{"id": "1429"},
			{"id": "1430"},
			{"id": "1435"},
			{"id": "1453"},
			{"id": "1454"}
		],
		"stitch": [
			{"id": "1455"}
		]
	},
	{
		"id": "1491",
		"conflict_degree":1,
		"stitch_degree":1,
		"conflict": [
			{"id": "1489"}
		],
		"stitch": [
			{"id": "1492"}
		]
	},
	{
		"id": "1492",
		"conflict_degree":5,
		"stitch_degree":3,
		"conflict": [
			{"id": "1499"},
			{"id": "1500"},
			{"id": "1509"},
			{"id": "1511"},
			{"id": "1513"}
		],
		"stitch": [
			{"id": "1491"},
			{"id": "1493"},
			{"id": "1494"}
		]
	},
	{
		"id": "1493",
		"conflict_degree":1,
		"stitch_degree":1,
		"conflict": [
			{"id": "1498"}
		],
		"stitch": [
			{"id": "1492"}
		]
	},
	{
		"id": "1494",
		"conflict_degree":6,
		"stitch_degree":4,
		"conflict": [
			{"id": "1499"},
			{"id": "1500"},
			{"id": "1510"},
			{"id": "1511"},
			{"id": "1513"},
			{"id": "1514"}
		],
		"stitch": [
			{"id": "1492"},
			{"id": "1495"},
			{"id": "1496"},
			{"id": "1497"}
		]
	},
	{
		"id": "1495",
		"conflict_degree":1,
		"stitch_degree":1,
		"conflict": [
			{"id": "1514"}
		],
		"stitch": [
			{"id": "1494"}
		]
	},
	{
		"id": "1496",
		"conflict_degree":2,
		"stitch_degree":1,
		"conflict": [
			{"id": "1513"},
			{"id": "1514"}
		],
		"stitch": [
			{"id": "1494"}
		]
	},
	{
		"id": "1497",
		"conflict_degree":2,
		"stitch_degree":1,
		"conflict": [
			{"id": "1510"},
			{"id": "1513"}
		],
		"stitch": [
			{"id": "1494"}
		]
	},
	{
		"id": "1498",
		"conflict_degree":3,
		"stitch_degree":0,
		"conflict": [
			{"id": "1493"},
			{"id": "1501"},
			{"id": "1509"}
		],
		"stitch": []
	},
	{
		"id": "1499",
		"conflict_degree":3,
		"stitch_degree":1,
		"conflict": [
			{"id": "1492"},
			{"id": "1494"},
			{"id": "1509"}
		],
		"stitch": [
			{"id": "1500"}
		]
	},
	{
		"id": "1500",
		"conflict_degree":4,
		"stitch_degree":2,
		"conflict": [
			{"id": "1492"},
			{"id": "1494"},
			{"id": "1502"},
			{"id": "1509"}
		],
		"stitch": [
			{"id": "1499"},
			{"id": "1501"}
		]
	},
	{
		"id": "1501",
		"conflict_degree":4,
		"stitch_degree":1,
		"conflict": [
			{"id": "1498"},
			{"id": "1502"},
			{"id": "1507"},
			{"id": "1508"}
		],
		"stitch": [
			{"id": "1500"}
		]
	},
	{
		"id": "1509",
		"conflict_degree":4,
		"stitch_degree":0,
		"conflict": [
			{"id": "1492"},
			{"id": "1498"},
			{"id": "1499"},
			{"id": "1500"}
		],
		"stitch": []
	},
	{
		"id": "3568",
		"conflict_degree":5,
		"stitch_degree":1,
		"conflict": [
			{"id": "3566"},
			{"id": "3567"},
			{"id": "3582"},
			{"id": "3585"},
			{"id": "3586"}
		],
		"stitch": [
			{"id": "3569"}
		]
	},
	{
		"id": "3569",
		"conflict_degree":3,
		"stitch_degree":2,
		"conflict": [
			{"id": "3571"},
			{"id": "3572"},
			{"id": "3581"}
		],
		"stitch": [
			{"id": "3568"},
			{"id": "3570"}
		]
	},
	{
		"id": "3570",
		"conflict_degree":3,
		"stitch_degree":1,
		"conflict": [
			{"id": "3571"},
			{"id": "3572"},
			{"id": "3581"}
		],
		"stitch": [
			{"id": "3569"}
		]
	},
	{
		"id": "3571",
		"conflict_degree":3,
		"stitch_degree":2,
		"conflict": [
			{"id": "3569"},
			{"id": "3570"},
			{"id": "3577"}
		],
		"stitch": [
			{"id": "3572"},
			{"id": "3573"}
		]
	},
	{
		"id": "3572",
		"conflict_degree":2,
		"stitch_degree":1,
		"conflict": [
			{"id": "3569"},
			{"id": "3570"}
		],
		"stitch": [
			{"id": "3571"}
		]
	},
	{
		"id": "3573",
		"conflict_degree":6,
		"stitch_degree":3,
		"conflict": [
			{"id": "3577"},
			{"id": "3579"},
			{"id": "3580"},
			{"id": "3581"},
			{"id": "3582"},
			{"id": "3584"}
		],
		"stitch": [
			{"id": "3571"},
			{"id": "3574"},
			{"id": "3575"}
		]
	},
	{
		"id": "3574",
		"conflict_degree":1,
		"stitch_degree":1,
		"conflict": [
			{"id": "3578"}
		],
		"stitch": [
			{"id": "3573"}
		]
	},
	{
		"id": "3575",
		"conflict_degree":4,
		"stitch_degree":2,
		"conflict": [
			{"id": "3580"},
			{"id": "3582"},
			{"id": "3583"},
			{"id": "3584"}
		],
		"stitch": [
			{"id": "3573"},
			{"id": "3576"}
		]
	},
	{
		"id": "3576",
		"conflict_degree":2,
		"stitch_degree":1,
		"conflict": [
			{"id": "3583"},
			{"id": "3584"}
		],
		"stitch": [
			{"id": "3575"}
		]
	},
	{
		"id": "3581",
		"conflict_degree":4,
		"stitch_degree":0,
		"conflict": [
			{"id": "3569"},
			{"id": "3570"},
			{"id": "3573"},
			{"id": "3582"}
		],
		"stitch": []
	},
	{
		"id": "3582",
		"conflict_degree":4,
		"stitch_degree":0,
		"conflict": [
			{"id": "3568"},
			{"id": "3573"},
			{"id": "3575"},
			{"id": "3581"}
		],
		"stitch": []
	},
	{
		"id": "6697",
		"conflict_degree":4,
		"stitch_degree":1,
		"conflict": [
			{"id": "6694"},
			{"id": "6712"},
			{"id": "6717"},
			{"id": "6722"}
		],
		"stitch": [
			{"id": "6698"}
		]
	},
	{
		"id": "6698",
		"conflict_degree":3,
		"stitch_degree":2,
		"conflict": [
			{"id": "6700"},
			{"id": "6721"},
			{"id": "6722"}
		],
		"stitch": [
			{"id": "6697"},
			{"id": "6699"}
		]
	},
	{
		"id": "6699",
		"conflict_degree":4,
		"stitch_degree":1,
		"conflict": [
			{"id": "6700"},
			{"id": "6701"},
			{"id": "6721"},
			{"id": "6722"}
		],
		"stitch": [
			{"id": "6698"}
		]
	},
	{
		"id": "6700",
		"conflict_degree":3,
		"stitch_degree":1,
		"conflict": [
			{"id": "6698"},
			{"id": "6699"},
			{"id": "6721"}
		],
		"stitch": [
			{"id": "6701"}
		]
	},
	{
		"id": "6701",
		"conflict_degree":4,
		"stitch_degree":2,
		"conflict": [
			{"id": "6699"},
			{"id": "6704"},
			{"id": "6720"},
			{"id": "6721"}
		],
		"stitch": [
			{"id": "6700"},
			{"id": "6702"}
		]
	},
	{
		"id": "6702",
		"conflict_degree":2,
		"stitch_degree":2,
		"conflict": [
			{"id": "6704"},
			{"id": "6720"}
		],
		"stitch": [
			{"id": "6701"},
			{"id": "6703"}
		]
	},
	{
		"id": "6703",
		"conflict_degree":4,
		"stitch_degree":1,
		"conflict": [
			{"id": "6704"},
			{"id": "6710"},
			{"id": "6711"},
			{"id": "6714"}
		],
		"stitch": [
			{"id": "6702"}
		]
	},
	{
		"id": "6709",
		"conflict_degree":5,
		"stitch_degree":1,
		"conflict": [
			{"id": "6712"},
			{"id": "6713"},
			{"id": "6717"},
			{"id": "6718"},
			{"id": "6719"}
		],
		"stitch": [
			{"id": "6710"}
		]
	},
	{
		"id": "6710",
		"conflict_degree":5,
		"stitch_degree":2,
		"conflict": [
			{"id": "6703"},
			{"id": "6713"},
			{"id": "6714"},
			{"id": "6718"},
			{"id": "6719"}
		],
		"stitch": [
			{"id": "6709"},
			{"id": "6711"}
		]
	},
	{
		"id": "6711",
		"conflict_degree":3,
		"stitch_degree":1,
		"conflict": [
			{"id": "6703"},
			{"id": "6714"},
			{"id": "6719"}
		],
		"stitch": [
			{"id": "6710"}
		]
	},
	{
		"id": "6712",
		"conflict_degree":4,
		"stitch_degree":1,
		"conflict": [
			{"id": "6697"},
			{"id": "6709"},
			{"id": "6716"},
			{"id": "6717"}
		],
		"stitch": [
			{"id": "6713"}
		]
	},
	{
		"id": "6713",
		"conflict_degree":5,
		"stitch_degree":2,
		"conflict": [
			{"id": "6709"},
			{"id": "6710"},
			{"id": "6715"},
			{"id": "6716"},
			{"id": "6717"}
		],
		"stitch": [
			{"id": "6712"},
			{"id": "6714"}
		]
	},
	{
		"id": "6714",
		"conflict_degree":4,
		"stitch_degree":1,
		"conflict": [
			{"id": "6703"},
			{"id": "6710"},
			{"id": "6711"},
			{"id": "6715"}
		],
		"stitch": [
			{"id": "6713"}
		]
	},
	{
		"id": "6717",
		"conflict_degree":5,
		"stitch_degree":0,
		"conflict": [
			{"id": "6697"},
			{"id": "6709"},
			{"id": "6712"},
			{"id": "6713"},
			{"id": "6718"}
		],
		"stitch": []
	},
	{
		"id": "6876",
		"conflict_degree":1,
		"stitch_degree":1,
		"conflict": [
			{"id": "6874"}
		],
		"stitch": [
			{"id": "6877"}
		]
	},
	{
		"id": "6877",
		"conflict_degree":4,
		"stitch_degree":3,
		"conflict": [
			{"id": "6884"},
			{"id": "6885"},
			{"id": "6903"},
			{"id": "6904"}
		],
		"stitch": [
			{"id": "6876"},
			{"id": "6878"},
			{"id": "6882"}
		]
	},
	{
		"id": "6878",
		"conflict_degree":6,
		"stitch_degree":4,
		"conflict": [
			{"id": "6875"},
			{"id": "6883"},
			{"id": "6885"},
			{"id": "6886"},
			{"id": "6903"},
			{"id": "6904"}
		],
		"stitch": [
			{"id": "6877"},
			{"id": "6879"},
			{"id": "6880"},
			{"id": "6881"}
		]
	},
	{
		"id": "6879",
		"conflict_degree":3,
		"stitch_degree":1,
		"conflict": [
			{"id": "6883"},
			{"id": "6885"},
			{"id": "6886"}
		],
		"stitch": [
			{"id": "6878"}
		]
	},
	{
		"id": "6880",
		"conflict_degree":2,
		"stitch_degree":1,
		"conflict": [
			{"id": "6883"},
			{"id": "6903"}
		],
		"stitch": [
			{"id": "6878"}
		]
	},
	{
		"id": "6881",
		"conflict_degree":2,
		"stitch_degree":1,
		"conflict": [
			{"id": "6875"},
			{"id": "6903"}
		],
		"stitch": [
			{"id": "6878"}
		]
	},
	{
		"id": "6882",
		"conflict_degree":1,
		"stitch_degree":1,
		"conflict": [
			{"id": "6902"}
		],
		"stitch": [
			{"id": "6877"}
		]
	},
	{
		"id": "6884",
		"conflict_degree":4,
		"stitch_degree":0,
		"conflict": [
			{"id": "6877"},
			{"id": "6885"},
			{"id": "6886"},
			{"id": "6902"}
		],
		"stitch": []
	},
	{
		"id": "6885",
		"conflict_degree":4,
		"stitch_degree":1,
		"conflict": [
			{"id": "6877"},
			{"id": "6878"},
			{"id": "6879"},
			{"id": "6884"}
		],
		"stitch": [
			{"id": "6886"}
		]
	},
	{
		"id": "6886",
		"conflict_degree":4,
		"stitch_degree":2,
		"conflict": [
			{"id": "6878"},
			{"id": "6879"},
			{"id": "6884"},
			{"id": "6889"}
		],
		"stitch": [
			{"id": "6885"},
			{"id": "6887"}
		]
	},
	{
		"id": "6887",
		"conflict_degree":4,
		"stitch_degree":1,
		"conflict": [
			{"id": "6888"},
			{"id": "6889"},
			{"id": "6901"},
			{"id": "6902"}
		],
		"stitch": [
			{"id": "6886"}
		]
	},
	{
		"id": "6902",
		"conflict_degree":3,
		"stitch_degree":0,
		"conflict": [
			{"id": "6882"},
			{"id": "6884"},
			{"id": "6887"}
		],
		"stitch": []
	},
	{
		"id": "8164",
		"conflict_degree":4,
		"stitch_degree":1,
		"conflict": [
			{"id": "8167"},
			{"id": "8170"},
			{"id": "8171"},
			{"id": "8188"}
		],
		"stitch": [
			{"id": "8165"}
		]
	},
	{
		"id": "8165",
		"conflict_degree":5,
		"stitch_degree":1,
		"conflict": [
			{"id": "8166"},
			{"id": "8167"},
			{"id": "8170"},
			{"id": "8186"},
			{"id": "8188"}
		],
		"stitch": [
			{"id": "8164"}
		]
	},
	{
		"id": "8167",
		"conflict_degree":5,
		"stitch_degree":1,
		"conflict": [
			{"id": "8164"},
			{"id": "8165"},
			{"id": "8170"},
			{"id": "8188"},
			{"id": "8189"}
		],
		"stitch": [
			{"id": "8168"}
		]
	},
	{
		"id": "8168",
		"conflict_degree":5,
		"stitch_degree":2,
		"conflict": [
			{"id": "8170"},
			{"id": "8171"},
			{"id": "8173"},
			{"id": "8188"},
			{"id": "8189"}
		],
		"stitch": [
			{"id": "8167"},
			{"id": "8169"}
		]
	},
	{
		"id": "8169",
		"conflict_degree":4,
		"stitch_degree":1,
		"conflict": [
			{"id": "8170"},
			{"id": "8171"},
			{"id": "8173"},
			{"id": "8175"}
		],
		"stitch": [
			{"id": "8168"}
		]
	},
	{
		"id": "8170",
		"conflict_degree":6,
		"stitch_degree":1,
		"conflict": [
			{"id": "8164"},
			{"id": "8165"},
			{"id": "8167"},
			{"id": "8168"},
			{"id": "8169"},
			{"id": "8191"}
		],
		"stitch": [
			{"id": "8171"}
		]
	},
	{
		"id": "8171",
		"conflict_degree":7,
		"stitch_degree":4,
		"conflict": [
			{"id": "8164"},
			{"id": "8168"},
			{"id": "8169"},
			{"id": "8176"},
			{"id": "8185"},
			{"id": "8190"},
			{"id": "8191"}
		],
		"stitch": [
			{"id": "8170"},
			{"id": "8172"},
			{"id": "8173"},
			{"id": "8175"}
		]
	},
	{
		"id": "8172",
		"conflict_degree":3,
		"stitch_degree":1,
		"conflict": [
			{"id": "8176"},
			{"id": "8185"},
			{"id": "8190"}
		],
		"stitch": [
			{"id": "8171"}
		]
	},
	{
		"id": "8173",
		"conflict_degree":6,
		"stitch_degree":2,
		"conflict": [
			{"id": "8168"},
			{"id": "8169"},
			{"id": "8183"},
			{"id": "8184"},
			{"id": "8187"},
			{"id": "8190"}
		],
		"stitch": [
			{"id": "8171"},
			{"id": "8174"}
		]
	},
	{
		"id": "8174",
		"conflict_degree":0,
		"stitch_degree":1,
		"conflict": [],
		"stitch": [
			{"id": "8173"}
		]
	},
	{
		"id": "8175",
		"conflict_degree":3,
		"stitch_degree":1,
		"conflict": [
			{"id": "8169"},
			{"id": "8190"},
			{"id": "8191"}
		],
		"stitch": [
			{"id": "8171"}
		]
	},
	{
		"id": "8186",
		"conflict_degree":3,
		"stitch_degree":1,
		"conflict": [
			{"id": "8165"},
			{"id": "8188"},
			{"id": "8189"}
		],
		"stitch": [
			{"id": "8187"}
		]
	},
	{
		"id": "8187",
		"conflict_degree":3,
		"stitch_degree":1,
		"conflict": [
			{"id": "8173"},
			{"id": "8188"},
			{"id": "8189"}
		],
		"stitch": [
			{"id": "8186"}
		]
	},
	{
		"id": "8188",
		"conflict_degree":6,
		"stitch_degree":1,
		"conflict": [
			{"id": "8164"},
			{"id": "8165"},
			{"id": "8167"},
			{"id": "8168"},
			{"id": "8186"},
			{"id": "8187"}
		],
		"stitch": [
			{"id": "8189"}
		]
	},
	{
		"id": "8189",
		"conflict_degree":4,
		"stitch_degree":1,
		"conflict": [
			{"id": "8167"},
			{"id": "8168"},
			{"id": "8186"},
			{"id": "8187"}
		],
		"stitch": [
			{"id": "8188"}
		]
	},
	{
		"id": "9149",
		"conflict_degree":0,
		"stitch_degree":1,
		"conflict": [],
		"stitch": [
			{"id": "9150"}
		]
	},
	{
		"id": "9150",
		"conflict_degree":4,
		"stitch_degree":2,
		"conflict": [
			{"id": "9148"},
			{"id": "9155"},
			{"id": "9156"},
			{"id": "9160"}
		],
		"stitch": [
			{"id": "9149"},
			{"id": "9151"}
		]
	},
	{
		"id": "9151",
		"conflict_degree":4,
		"stitch_degree":4,
		"conflict": [
			{"id": "9155"},
			{"id": "9163"},
			{"id": "9205"},
			{"id": "9206"}
		],
		"stitch": [
			{"id": "9150"},
			{"id": "9152"},
			{"id": "9153"},
			{"id": "9154"}
		]
	},
	{
		"id": "9152",
		"conflict_degree":5,
		"stitch_degree":1,
		"conflict": [
			{"id": "9160"},
			{"id": "9161"},
			{"id": "9162"},
			{"id": "9163"},
			{"id": "9206"}
		],
		"stitch": [
			{"id": "9151"}
		]
	},
	{
		"id": "9153",
		"conflict_degree":2,
		"stitch_degree":1,
		"conflict": [
			{"id": "9155"},
			{"id": "9206"}
		],
		"stitch": [
			{"id": "9151"}
		]
	},
	{
		"id": "9154",
		"conflict_degree":2,
		"stitch_degree":1,
		"conflict": [
			{"id": "9155"},
			{"id": "9205"}
		],
		"stitch": [
			{"id": "9151"}
		]
	},
	{
		"id": "9156",
		"conflict_degree":3,
		"stitch_degree":1,
		"conflict": [
			{"id": "9150"},
			{"id": "9158"},
			{"id": "9159"}
		],
		"stitch": [
			{"id": "9157"}
		]
	},
	{
		"id": "9157",
		"conflict_degree":3,
		"stitch_degree":1,
		"conflict": [
			{"id": "9158"},
			{"id": "9159"},
			{"id": "9162"}
		],
		"stitch": [
			{"id": "9156"}
		]
	},
	{
		"id": "9158",
		"conflict_degree":4,
		"stitch_degree":1,
		"conflict": [
			{"id": "9156"},
			{"id": "9157"},
			{"id": "9160"},
			{"id": "9161"}
		],
		"stitch": [
			{"id": "9159"}
		]
	},
	{
		"id": "9159",
		"conflict_degree":6,
		"stitch_degree":1,
		"conflict": [
			{"id": "9156"},
			{"id": "9157"},
			{"id": "9160"},
			{"id": "9161"},
			{"id": "9162"},
			{"id": "9163"}
		],
		"stitch": [
			{"id": "9158"}
		]
	},
	{
		"id": "9160",
		"conflict_degree":4,
		"stitch_degree":1,
		"conflict": [
			{"id": "9150"},
			{"id": "9152"},
			{"id": "9158"},
			{"id": "9159"}
		],
		"stitch": [
			{"id": "9161"}
		]
	},
	{
		"id": "9161",
		"conflict_degree":5,
		"stitch_degree":1,
		"conflict": [
			{"id": "9152"},
			{"id": "9158"},
			{"id": "9159"},
			{"id": "9162"},
			{"id": "9163"}
		],
		"stitch": [
			{"id": "9160"}
		]
	},
	{
		"id": "9162",
		"conflict_degree":6,
		"stitch_degree":1,
		"conflict": [
			{"id": "9152"},
			{"id": "9157"},
			{"id": "9159"},
			{"id": "9161"},
			{"id": "9164"},
			{"id": "9204"}
		],
		"stitch": [
			{"id": "9163"}
		]
	},
	{
		"id": "9163",
		"conflict_degree":5,
		"stitch_degree":1,
		"conflict": [
			{"id": "9151"},
			{"id": "9152"},
			{"id": "9159"},
			{"id": "9161"},
			{"id": "9164"}
		],
		"stitch": [
			{"id": "9162"}
		]
	},
	{
		"id": "9549",
		"conflict_degree":1,
		"stitch_degree":1,
		"conflict": [
			{"id": "9547"}
		],
		"stitch": [
			{"id": "9550"}
		]
	},
	{
		"id": "9550",
		"conflict_degree":7,
		"stitch_degree":3,
		"conflict": [
			{"id": "9548"},
			{"id": "9578"},
			{"id": "9579"},
			{"id": "9580"},
			{"id": "9585"},
			{"id": "9586"},
			{"id": "9587"}
		],
		"stitch": [
			{"id": "9549"},
			{"id": "9551"},
			{"id": "9553"}
		]
	},
	{
		"id": "9551",
		"conflict_degree":4,
		"stitch_degree":2,
		"conflict": [
			{"id": "9557"},
			{"id": "9582"},
			{"id": "9583"},
			{"id": "9587"}
		],
		"stitch": [
			{"id": "9550"},
			{"id": "9552"}
		]
	},
	{
		"id": "9552",
		"conflict_degree":3,
		"stitch_degree":1,
		"conflict": [
			{"id": "9557"},
			{"id": "9582"},
			{"id": "9583"}
		],
		"stitch": [
			{"id": "9551"}
		]
	},
	{
		"id": "9553",
		"conflict_degree":5,
		"stitch_degree":2,
		"conflict": [
			{"id": "9548"},
			{"id": "9578"},
			{"id": "9579"},
			{"id": "9584"},
			{"id": "9585"}
		],
		"stitch": [
			{"id": "9550"},
			{"id": "9554"}
		]
	},
	{
		"id": "9554",
		"conflict_degree":2,
		"stitch_degree":1,
		"conflict": [
			{"id": "9584"},
			{"id": "9585"}
		],
		"stitch": [
			{"id": "9553"}
		]
	},
	{
		"id": "9555",
		"conflict_degree":2,
		"stitch_degree":1,
		"conflict": [
			{"id": "9577"},
			{"id": "9584"}
		],
		"stitch": [
			{"id": "9556"}
		]
	},
	{
		"id": "9556",
		"conflict_degree":5,
		"stitch_degree":2,
		"conflict": [
			{"id": "9558"},
			{"id": "9576"},
			{"id": "9577"},
			{"id": "9579"},
			{"id": "9583"}
		],
		"stitch": [
			{"id": "9555"},
			{"id": "9557"}
		]
	},
	{
		"id": "9557",
		"conflict_degree":5,
		"stitch_degree":1,
		"conflict": [
			{"id": "9551"},
			{"id": "9552"},
			{"id": "9558"},
			{"id": "9576"},
			{"id": "9583"}
		],
		"stitch": [
			{"id": "9556"}
		]
	},
	{
		"id": "9578",
		"conflict_degree":3,
		"stitch_degree":1,
		"conflict": [
			{"id": "9550"},
			{"id": "9553"},
			{"id": "9580"}
		],
		"stitch": [
			{"id": "9579"}
		]
	},
	{
		"id": "9579",
		"conflict_degree":5,
		"stitch_degree":1,
		"conflict": [
			{"id": "9550"},
			{"id": "9553"},
			{"id": "9556"},
			{"id": "9580"},
			{"id": "9581"}
		],
		"stitch": [
			{"id": "9578"}
		]
	},
	{
		"id": "9580",
		"conflict_degree":5,
		"stitch_degree":1,
		"conflict": [
			{"id": "9550"},
			{"id": "9578"},
			{"id": "9579"},
			{"id": "9582"},
			{"id": "9583"}
		],
		"stitch": [
			{"id": "9581"}
		]
	},
	{
		"id": "9581",
		"conflict_degree":3,
		"stitch_degree":1,
		"conflict": [
			{"id": "9579"},
			{"id": "9582"},
			{"id": "9583"}
		],
		"stitch": [
			{"id": "9580"}
		]
	},
	{
		"id": "9582",
		"conflict_degree":4,
		"stitch_degree":1,
		"conflict": [
			{"id": "9551"},
			{"id": "9552"},
			{"id": "9580"},
			{"id": "9581"}
		],
		"stitch": [
			{"id": "9583"}
		]
	},
	{
		"id": "9583",
		"conflict_degree":6,
		"stitch_degree":1,
		"conflict": [
			{"id": "9551"},
			{"id": "9552"},
			{"id": "9556"},
			{"id": "9557"},
			{"id": "9580"},
			{"id": "9581"}
		],
		"stitch": [
			{"id": "9582"}
		]
	},
	{
		"id": "10345",
		"conflict_degree":4,
		"stitch_degree":1,
		"conflict": [
			{"id": "10343"},
			{"id": "10348"},
			{"id": "10349"},
			{"id": "10359"}
		],
		"stitch": [
			{"id": "10346"}
		]
	},
	{
		"id": "10346",
		"conflict_degree":3,
		"stitch_degree":2,
		"conflict": [
			{"id": "10348"},
			{"id": "10349"},
			{"id": "10359"}
		],
		"stitch": [
			{"id": "10345"},
			{"id": "10347"}
		]
	},
	{
		"id": "10347",
		"conflict_degree":4,
		"stitch_degree":1,
		"conflict": [
			{"id": "10349"},
			{"id": "10350"},
			{"id": "10353"},
			{"id": "10358"}
		],
		"stitch": [
			{"id": "10346"}
		]
	},
	{
		"id": "10348",
		"conflict_degree":3,
		"stitch_degree":1,
		"conflict": [
			{"id": "10343"},
			{"id": "10345"},
			{"id": "10346"}
		],
		"stitch": [
			{"id": "10349"}
		]
	},
	{
		"id": "10349",
		"conflict_degree":5,
		"stitch_degree":1,
		"conflict": [
			{"id": "10345"},
			{"id": "10346"},
			{"id": "10347"},
			{"id": "10350"},
			{"id": "10351"}
		],
		"stitch": [
			{"id": "10348"}
		]
	},
	{
		"id": "10350",
		"conflict_degree":5,
		"stitch_degree":0,
		"conflict": [
			{"id": "10347"},
			{"id": "10349"},
			{"id": "10351"},
			{"id": "10352"},
			{"id": "10353"}
		],
		"stitch": []
	},
	{
		"id": "10351",
		"conflict_degree":2,
		"stitch_degree":1,
		"conflict": [
			{"id": "10349"},
			{"id": "10350"}
		],
		"stitch": [
			{"id": "10352"}
		]
	},
	{
		"id": "10352",
		"conflict_degree":3,
		"stitch_degree":2,
		"conflict": [
			{"id": "10350"},
			{"id": "10355"},
			{"id": "10357"}
		],
		"stitch": [
			{"id": "10351"},
			{"id": "10353"}
		]
	},
	{
		"id": "10353",
		"conflict_degree":5,
		"stitch_degree":1,
		"conflict": [
			{"id": "10347"},
			{"id": "10350"},
			{"id": "10354"},
			{"id": "10357"},
			{"id": "10358"}
		],
		"stitch": [
			{"id": "10352"}
		]
	},
	{
		"id": "10786",
		"conflict_degree":6,
		"stitch_degree":0,
		"conflict": [
			{"id": "10787"},
			{"id": "10788"},
			{"id": "10792"},
			{"id": "10793"},
			{"id": "10794"},
			{"id": "10827"}
		],
		"stitch": []
	},
	{
		"id": "10788",
		"conflict_degree":2,
		"stitch_degree":1,
		"conflict": [
			{"id": "10786"},
			{"id": "10792"}
		],
		"stitch": [
			{"id": "10789"}
		]
	},
	{
		"id": "10789",
		"conflict_degree":2,
		"stitch_degree":2,
		"conflict": [
			{"id": "10792"},
			{"id": "10796"}
		],
		"stitch": [
			{"id": "10788"},
			{"id": "10790"}
		]
	},
	{
		"id": "10790",
		"conflict_degree":1,
		"stitch_degree":2,
		"conflict": [
			{"id": "10796"}
		],
		"stitch": [
			{"id": "10789"},
			{"id": "10791"}
		]
	},
	{
		"id": "10791",
		"conflict_degree":3,
		"stitch_degree":1,
		"conflict": [
			{"id": "10794"},
			{"id": "10795"},
			{"id": "10796"}
		],
		"stitch": [
			{"id": "10790"}
		]
	},
	{
		"id": "10792",
		"conflict_degree":5,
		"stitch_degree":0,
		"conflict": [
			{"id": "10786"},
			{"id": "10788"},
			{"id": "10789"},
			{"id": "10793"},
			{"id": "10794"}
		],
		"stitch": []
	},
	{
		"id": "10793",
		"conflict_degree":3,
		"stitch_degree":1,
		"conflict": [
			{"id": "10786"},
			{"id": "10792"},
			{"id": "10827"}
		],
		"stitch": [
			{"id": "10794"}
		]
	},
	{
		"id": "10794",
		"conflict_degree":5,
		"stitch_degree":2,
		"conflict": [
			{"id": "10786"},
			{"id": "10791"},
			{"id": "10792"},
			{"id": "10826"},
			{"id": "10827"}
		],
		"stitch": [
			{"id": "10793"},
			{"id": "10795"}
		]
	},
	{
		"id": "10795",
		"conflict_degree":3,
		"stitch_degree":1,
		"conflict": [
			{"id": "10791"},
			{"id": "10796"},
			{"id": "10826"}
		],
		"stitch": [
			{"id": "10794"}
		]
	},
	{
		"id": "11266",
		"conflict_degree":4,
		"stitch_degree":1,
		"conflict": [
			{"id": "11275"},
			{"id": "11276"},
			{"id": "11277"},
			{"id": "11298"}
		],
		"stitch": [
			{"id": "11267"}
		]
	},
	{
		"id": "11267",
		"conflict_degree":5,
		"stitch_degree":2,
		"conflict": [
			{"id": "11272"},
			{"id": "11273"},
			{"id": "11274"},
			{"id": "11275"},
			{"id": "11298"}
		],
		"stitch": [
			{"id": "11266"},
			{"id": "11268"}
		]
	},
	{
		"id": "11268",
		"conflict_degree":4,
		"stitch_degree":2,
		"conflict": [
			{"id": "11275"},
			{"id": "11296"},
			{"id": "11297"},
			{"id": "11298"}
		],
		"stitch": [
			{"id": "11267"},
			{"id": "11269"}
		]
	},
	{
		"id": "11269",
		"conflict_degree":3,
		"stitch_degree":2,
		"conflict": [
			{"id": "11271"},
			{"id": "11296"},
			{"id": "11297"}
		],
		"stitch": [
			{"id": "11268"},
			{"id": "11270"}
		]
	},
	{
		"id": "11270",
		"conflict_degree":1,
		"stitch_degree":1,
		"conflict": [
			{"id": "11296"}
		],
		"stitch": [
			{"id": "11269"}
		]
	},
	{
		"id": "11272",
		"conflict_degree":5,
		"stitch_degree":1,
		"conflict": [
			{"id": "11267"},
			{"id": "11275"},
			{"id": "11276"},
			{"id": "11277"},
			{"id": "11278"}
		],
		"stitch": [
			{"id": "11273"}
		]
	},
	{
		"id": "11273",
		"conflict_degree":3,
		"stitch_degree":2,
		"conflict": [
			{"id": "11267"},
			{"id": "11277"},
			{"id": "11278"}
		],
		"stitch": [
			{"id": "11272"},
			{"id": "11274"}
		]
	},
	{
		"id": "11274",
		"conflict_degree":4,
		"stitch_degree":1,
		"conflict": [
			{"id": "11267"},
			{"id": "11271"},
			{"id": "11278"},
			{"id": "11279"}
		],
		"stitch": [
			{"id": "11273"}
		]
	},
	{
		"id": "11275",
		"conflict_degree":6,
		"stitch_degree":0,
		"conflict": [
			{"id": "11266"},
			{"id": "11267"},
			{"id": "11268"},
			{"id": "11272"},
			{"id": "11276"},
			{"id": "11277"}
		],
		"stitch": []
	},
	{
		"id": "11276",
		"conflict_degree":3,
		"stitch_degree":1,
		"conflict": [
			{"id": "11266"},
			{"id": "11272"},
			{"id": "11275"}
		],
		"stitch": [
			{"id": "11277"}
		]
	},
	{
		"id": "11277",
		"conflict_degree":5,
		"stitch_degree":1,
		"conflict": [
			{"id": "11266"},
			{"id": "11272"},
			{"id": "11273"},
			{"id": "11275"},
			{"id": "11278"}
		],
		"stitch": [
			{"id": "11276"}
		]
	},
	{
		"id": "11826",
		"conflict_degree":4,
		"stitch_degree":1,
		"conflict": [
			{"id": "11825"},
			{"id": "11836"},
			{"id": "11841"},
			{"id": "11842"}
		],
		"stitch": [
			{"id": "11827"}
		]
	},
	{
		"id": "11827",
		"conflict_degree":1,
		"stitch_degree":2,
		"conflict": [
			{"id": "11825"}
		],
		"stitch": [
			{"id": "11826"},
			{"id": "11828"}
		]
	},
	{
		"id": "11828",
		"conflict_degree":0,
		"stitch_degree":2,
		"conflict": [],
		"stitch": [
			{"id": "11827"},
			{"id": "11829"}
		]
	},
	{
		"id": "11829",
		"conflict_degree":2,
		"stitch_degree":1,
		"conflict": [
			{"id": "11830"},
			{"id": "11835"}
		],
		"stitch": [
			{"id": "11828"}
		]
	},
	{
		"id": "11830",
		"conflict_degree":3,
		"stitch_degree":1,
		"conflict": [
			{"id": "11829"},
			{"id": "11839"},
			{"id": "11840"}
		],
		"stitch": [
			{"id": "11831"}
		]
	},
	{
		"id": "11831",
		"conflict_degree":3,
		"stitch_degree":1,
		"conflict": [
			{"id": "11832"},
			{"id": "11834"},
			{"id": "11839"}
		],
		"stitch": [
			{"id": "11830"}
		]
	},
	{
		"id": "11832",
		"conflict_degree":5,
		"stitch_degree":0,
		"conflict": [
			{"id": "11831"},
			{"id": "11833"},
			{"id": "11834"},
			{"id": "11837"},
			{"id": "11838"}
		],
		"stitch": []
	},
	{
		"id": "11834",
		"conflict_degree":4,
		"stitch_degree":0,
		"conflict": [
			{"id": "11831"},
			{"id": "11832"},
			{"id": "11835"},
			{"id": "11838"}
		],
		"stitch": []
	},
	{
		"id": "11835",
		"conflict_degree":4,
		"stitch_degree":0,
		"conflict": [
			{"id": "11829"},
			{"id": "11834"},
			{"id": "11837"},
			{"id": "11838"}
		],
		"stitch": []
	},
	{
		"id": "11836",
		"conflict_degree":1,
		"stitch_degree":1,
		"conflict": [
			{"id": "11826"}
		],
		"stitch": [
			{"id": "11837"}
		]
	},
	{
		"id": "11837",
		"conflict_degree":2,
		"stitch_degree":2,
		"conflict": [
			{"id": "11832"},
			{"id": "11835"}
		],
		"stitch": [
			{"id": "11836"},
			{"id": "11838"}
		]
	},
	{
		"id": "11838",
		"conflict_degree":3,
		"stitch_degree":1,
		"conflict": [
			{"id": "11832"},
			{"id": "11834"},
			{"id": "11835"}
		],
		"stitch": [
			{"id": "11837"}
		]
	},
	{
		"id": "12219",
		"conflict_degree":2,
		"stitch_degree":1,
		"conflict": [
			{"id": "12218"},
			{"id": "12230"}
		],
		"stitch": [
			{"id": "12220"}
		]
	},
	{
		"id": "12220",
		"conflict_degree":6,
		"stitch_degree":1,
		"conflict": [
			{"id": "12218"},
			{"id": "12221"},
			{"id": "12222"},
			{"id": "12223"},
			{"id": "12230"},
			{"id": "12231"}
		],
		"stitch": [
			{"id": "12219"}
		]
	},
	{
		"id": "12221",
		"conflict_degree":6,
		"stitch_degree":0,
		"conflict": [
			{"id": "12220"},
			{"id": "12222"},
			{"id": "12223"},
			{"id": "12224"},
			{"id": "12230"},
			{"id": "12231"}
		],
		"stitch": []
	},
	{
		"id": "12222",
		"conflict_degree":2,
		"stitch_degree":1,
		"conflict": [
			{"id": "12220"},
			{"id": "12221"}
		],
		"stitch": [
			{"id": "12223"}
		]
	},
	{
		"id": "12223",
		"conflict_degree":4,
		"stitch_degree":2,
		"conflict": [
			{"id": "12220"},
			{"id": "12221"},
			{"id": "12225"},
			{"id": "12226"}
		],
		"stitch": [
			{"id": "12222"},
			{"id": "12224"}
		]
	},
	{
		"id": "12224",
		"conflict_degree":6,
		"stitch_degree":1,
		"conflict": [
			{"id": "12221"},
			{"id": "12225"},
			{"id": "12228"},
			{"id": "12229"},
			{"id": "12230"},
			{"id": "12231"}
		],
		"stitch": [
			{"id": "12223"}
		]
	},
	{
		"id": "12230",
		"conflict_degree":7,
		"stitch_degree":1,
		"conflict": [
			{"id": "12218"},
			{"id": "12219"},
			{"id": "12220"},
			{"id": "12221"},
			{"id": "12224"},
			{"id": "12229"},
			{"id": "12232"}
		],
		"stitch": [
			{"id": "12231"}
		]
	},
	{
		"id": "12231",
		"conflict_degree":4,
		"stitch_degree":1,
		"conflict": [
			{"id": "12220"},
			{"id": "12221"},
			{"id": "12224"},
			{"id": "12229"}
		],
		"stitch": [
			{"id": "12230"}
		]
	},
	{
		"id": "12442",
		"conflict_degree":5,
		"stitch_degree":1,
		"conflict": [
			{"id": "12441"},
			{"id": "12449"},
			{"id": "12451"},
			{"id": "12454"},
			{"id": "12455"}
		],
		"stitch": [
			{"id": "12443"}
		]
	},
	{
		"id": "12443",
		"conflict_degree":4,
		"stitch_degree":2,
		"conflict": [
			{"id": "12448"},
			{"id": "12451"},
			{"id": "12452"},
			{"id": "12453"}
		],
		"stitch": [
			{"id": "12442"},
			{"id": "12444"}
		]
	},
	{
		"id": "12444",
		"conflict_degree":4,
		"stitch_degree":1,
		"conflict": [
			{"id": "12445"},
			{"id": "12448"},
			{"id": "12452"},
			{"id": "12453"}
		],
		"stitch": [
			{"id": "12443"}
		]
	},
	{
		"id": "12448",
		"conflict_degree":5,
		"stitch_degree":0,
		"conflict": [
			{"id": "12443"},
			{"id": "12444"},
			{"id": "12445"},
			{"id": "12450"},
			{"id": "12452"}
		],
		"stitch": []
	},
	{
		"id": "12449",
		"conflict_degree":3,
		"stitch_degree":1,
		"conflict": [
			{"id": "12442"},
			{"id": "12451"},
			{"id": "12452"}
		],
		"stitch": [
			{"id": "12450"}
		]
	},
	{
		"id": "12450",
		"conflict_degree":3,
		"stitch_degree":1,
		"conflict": [
			{"id": "12448"},
			{"id": "12451"},
			{"id": "12452"}
		],
		"stitch": [
			{"id": "12449"}
		]
	},
	{
		"id": "12451",
		"conflict_degree":4,
		"stitch_degree":1,
		"conflict": [
			{"id": "12442"},
			{"id": "12443"},
			{"id": "12449"},
			{"id": "12450"}
		],
		"stitch": [
			{"id": "12452"}
		]
	},
	{
		"id": "12452",
		"conflict_degree":5,
		"stitch_degree":1,
		"conflict": [
			{"id": "12443"},
			{"id": "12444"},
			{"id": "12448"},
			{"id": "12449"},
			{"id": "12450"}
		],
		"stitch": [
			{"id": "12451"}
		]
	},
	{
		"id": "13616",
		"conflict_degree":2,
		"stitch_degree":2,
		"conflict": [
			{"id": "13622"},
			{"id": "13629"}
		],
		"stitch": [
			{"id": "13617"},
			{"id": "13618"}
		]
	},
	{
		"id": "13617",
		"conflict_degree":1,
		"stitch_degree":1,
		"conflict": [
			{"id": "13629"}
		],
		"stitch": [
			{"id": "13616"}
		]
	},
	{
		"id": "13618",
		"conflict_degree":6,
		"stitch_degree":3,
		"conflict": [
			{"id": "13622"},
			{"id": "13625"},
			{"id": "13626"},
			{"id": "13627"},
			{"id": "13628"},
			{"id": "13631"}
		],
		"stitch": [
			{"id": "13616"},
			{"id": "13619"},
			{"id": "13620"}
		]
	},
	{
		"id": "13619",
		"conflict_degree":1,
		"stitch_degree":1,
		"conflict": [
			{"id": "13624"}
		],
		"stitch": [
			{"id": "13618"}
		]
	},
	{
		"id": "13620",
		"conflict_degree":5,
		"stitch_degree":2,
		"conflict": [
			{"id": "13615"},
			{"id": "13625"},
			{"id": "13627"},
			{"id": "13628"},
			{"id": "13631"}
		],
		"stitch": [
			{"id": "13618"},
			{"id": "13621"}
		]
	},
	{
		"id": "13621",
		"conflict_degree":2,
		"stitch_degree":1,
		"conflict": [
			{"id": "13615"},
			{"id": "13631"}
		],
		"stitch": [
			{"id": "13620"}
		]
	},
	{
		"id": "13623",
		"conflict_degree":3,
		"stitch_degree":1,
		"conflict": [
			{"id": "13625"},
			{"id": "13626"},
			{"id": "13627"}
		],
		"stitch": [
			{"id": "13624"}
		]
	},
	{
		"id": "13624",
		"conflict_degree":4,
		"stitch_degree":1,
		"conflict": [
			{"id": "13619"},
			{"id": "13622"},
			{"id": "13625"},
			{"id": "13626"}
		],
		"stitch": [
			{"id": "13623"}
		]
	},
	{
		"id": "13625",
		"conflict_degree":5,
		"stitch_degree":1,
		"conflict": [
			{"id": "13618"},
			{"id": "13620"},
			{"id": "13623"},
			{"id": "13624"},
			{"id": "13627"}
		],
		"stitch": [
			{"id": "13626"}
		]
	},
	{
		"id": "13626",
		"conflict_degree":3,
		"stitch_degree":1,
		"conflict": [
			{"id": "13618"},
			{"id": "13623"},
			{"id": "13624"}
		],
		"stitch": [
			{"id": "13625"}
		]
	},
	{
		"id": "13627",
		"conflict_degree":4,
		"stitch_degree":0,
		"conflict": [
			{"id": "13618"},
			{"id": "13620"},
			{"id": "13623"},
			{"id": "13625"}
		],
		"stitch": []
	}
]