[
	{
		"id": "276",
		"conflict_degree":1,
		"stitch_degree":1,
		"conflict": [
			{"id": "275"}
		],
		"stitch": [
			{"id": "277"}
		]
	},
	{
		"id": "277",
		"conflict_degree":1,
		"stitch_degree":2,
		"conflict": [
			{"id": "349"}
		],
		"stitch": [
			{"id": "276"},
			{"id": "278"}
		]
	},
	{
		"id": "278",
		"conflict_degree":5,
		"stitch_degree":2,
		"conflict": [
			{"id": "275"},
			{"id": "341"},
			{"id": "344"},
			{"id": "347"},
			{"id": "349"}
		],
		"stitch": [
			{"id": "277"},
			{"id": "279"}
		]
	},
	{
		"id": "279",
		"conflict_degree":3,
		"stitch_degree":2,
		"conflict": [
			{"id": "345"},
			{"id": "346"},
			{"id": "347"}
		],
		"stitch": [
			{"id": "278"},
			{"id": "280"}
		]
	},
	{
		"id": "280",
		"conflict_degree":3,
		"stitch_degree":1,
		"conflict": [
			{"id": "281"},
			{"id": "345"},
			{"id": "346"}
		],
		"stitch": [
			{"id": "279"}
		]
	},
	{
		"id": "281",
		"conflict_degree":3,
		"stitch_degree":1,
		"conflict": [
			{"id": "280"},
			{"id": "345"},
			{"id": "346"}
		],
		"stitch": [
			{"id": "282"}
		]
	},
	{
		"id": "282",
		"conflict_degree":3,
		"stitch_degree":2,
		"conflict": [
			{"id": "284"},
			{"id": "339"},
			{"id": "346"}
		],
		"stitch": [
			{"id": "281"},
			{"id": "283"}
		]
	},
	{
		"id": "283",
		"conflict_degree":5,
		"stitch_degree":1,
		"conflict": [
			{"id": "338"},
			{"id": "339"},
			{"id": "343"},
			{"id": "346"},
			{"id": "348"}
		],
		"stitch": [
			{"id": "282"}
		]
	},
	{
		"id": "285",
		"conflict_degree":1,
		"stitch_degree":1,
		"conflict": [
			{"id": "337"}
		],
		"stitch": [
			{"id": "286"}
		]
	},
	{
		"id": "286",
		"conflict_degree":3,
		"stitch_degree":2,
		"conflict": [
			{"id": "284"},
			{"id": "336"},
			{"id": "337"}
		],
		"stitch": [
			{"id": "285"},
			{"id": "287"}
		]
	},
	{
		"id": "287",
		"conflict_degree":5,
		"stitch_degree":2,
		"conflict": [
			{"id": "290"},
			{"id": "293"},
			{"id": "295"},
			{"id": "336"},
			{"id": "337"}
		],
		"stitch": [
			{"id": "286"},
			{"id": "288"}
		]
	},
	{
		"id": "288",
		"conflict_degree":3,
		"stitch_degree":2,
		"conflict": [
			{"id": "284"},
			{"id": "293"},
			{"id": "295"}
		],
		"stitch": [
			{"id": "287"},
			{"id": "289"}
		]
	},
	{
		"id": "289",
		"conflict_degree":1,
		"stitch_degree":1,
		"conflict": [
			{"id": "284"}
		],
		"stitch": [
			{"id": "288"}
		]
	},
	{
		"id": "290",
		"conflict_degree":3,
		"stitch_degree":1,
		"conflict": [
			{"id": "287"},
			{"id": "295"},
			{"id": "296"}
		],
		"stitch": [
			{"id": "291"}
		]
	},
	{
		"id": "291",
		"conflict_degree":4,
		"stitch_degree":2,
		"conflict": [
			{"id": "295"},
			{"id": "296"},
			{"id": "298"},
			{"id": "334"}
		],
		"stitch": [
			{"id": "290"},
			{"id": "292"}
		]
	},
	{
		"id": "292",
		"conflict_degree":6,
		"stitch_degree":1,
		"conflict": [
			{"id": "294"},
			{"id": "296"},
			{"id": "297"},
			{"id": "298"},
			{"id": "334"},
			{"id": "335"}
		],
		"stitch": [
			{"id": "291"}
		]
	},
	{
		"id": "293",
		"conflict_degree":4,
		"stitch_degree":1,
		"conflict": [
			{"id": "287"},
			{"id": "288"},
			{"id": "295"},
			{"id": "296"}
		],
		"stitch": [
			{"id": "294"}
		]
	},
	{
		"id": "294",
		"conflict_degree":3,
		"stitch_degree":1,
		"conflict": [
			{"id": "292"},
			{"id": "295"},
			{"id": "296"}
		],
		"stitch": [
			{"id": "293"}
		]
	},
	{
		"id": "295",
		"conflict_degree":6,
		"stitch_degree":1,
		"conflict": [
			{"id": "287"},
			{"id": "288"},
			{"id": "290"},
			{"id": "291"},
			{"id": "293"},
			{"id": "294"}
		],
		"stitch": [
			{"id": "296"}
		]
	},
	{
		"id": "296",
		"conflict_degree":5,
		"stitch_degree":1,
		"conflict": [
			{"id": "290"},
			{"id": "291"},
			{"id": "292"},
			{"id": "293"},
			{"id": "294"}
		],
		"stitch": [
			{"id": "295"}
		]
	},
	{
		"id": "341",
		"conflict_degree":4,
		"stitch_degree":1,
		"conflict": [
			{"id": "278"},
			{"id": "344"},
			{"id": "345"},
			{"id": "347"}
		],
		"stitch": [
			{"id": "342"}
		]
	},
	{
		"id": "342",
		"conflict_degree":5,
		"stitch_degree":2,
		"conflict": [
			{"id": "344"},
			{"id": "345"},
			{"id": "346"},
			{"id": "347"},
			{"id": "348"}
		],
		"stitch": [
			{"id": "341"},
			{"id": "343"}
		]
	},
	{
		"id": "343",
		"conflict_degree":4,
		"stitch_degree":1,
		"conflict": [
			{"id": "283"},
			{"id": "345"},
			{"id": "346"},
			{"id": "348"}
		],
		"stitch": [
			{"id": "342"}
		]
	},
	{
		"id": "345",
		"conflict_degree":7,
		"stitch_degree":1,
		"conflict": [
			{"id": "279"},
			{"id": "280"},
			{"id": "281"},
			{"id": "341"},
			{"id": "342"},
			{"id": "343"},
			{"id": "347"}
		],
		"stitch": [
			{"id": "346"}
		]
	},
	{
		"id": "346",
		"conflict_degree":7,
		"stitch_degree":1,
		"conflict": [
			{"id": "279"},
			{"id": "280"},
			{"id": "281"},
			{"id": "282"},
			{"id": "283"},
			{"id": "342"},
			{"id": "343"}
		],
		"stitch": [
			{"id": "345"}
		]
	},
	{
		"id": "347",
		"conflict_degree":5,
		"stitch_degree":0,
		"conflict": [
			{"id": "278"},
			{"id": "279"},
			{"id": "341"},
			{"id": "342"},
			{"id": "345"}
		],
		"stitch": []
	},
	{
		"id": "365",
		"conflict_degree":2,
		"stitch_degree":1,
		"conflict": [
			{"id": "364"},
			{"id": "394"}
		],
		"stitch": [
			{"id": "366"}
		]
	},
	{
		"id": "366",
		"conflict_degree":3,
		"stitch_degree":2,
		"conflict": [
			{"id": "389"},
			{"id": "390"},
			{"id": "394"}
		],
		"stitch": [
			{"id": "365"},
			{"id": "367"}
		]
	},
	{
		"id": "367",
		"conflict_degree":5,
		"stitch_degree":3,
		"conflict": [
			{"id": "372"},
			{"id": "389"},
			{"id": "390"},
			{"id": "392"},
			{"id": "393"}
		],
		"stitch": [
			{"id": "366"},
			{"id": "368"},
			{"id": "370"}
		]
	},
	{
		"id": "368",
		"conflict_degree":2,
		"stitch_degree":2,
		"conflict": [
			{"id": "392"},
			{"id": "393"}
		],
		"stitch": [
			{"id": "367"},
			{"id": "369"}
		]
	},
	{
		"id": "369",
		"conflict_degree":2,
		"stitch_degree":1,
		"conflict": [
			{"id": "376"},
			{"id": "392"}
		],
		"stitch": [
			{"id": "368"}
		]
	},
	{
		"id": "370",
		"conflict_degree":3,
		"stitch_degree":2,
		"conflict": [
			{"id": "392"},
			{"id": "393"},
			{"id": "394"}
		],
		"stitch": [
			{"id": "367"},
			{"id": "371"}
		]
	},
	{
		"id": "371",
		"conflict_degree":1,
		"stitch_degree":1,
		"conflict": [
			{"id": "393"}
		],
		"stitch": [
			{"id": "370"}
		]
	},
	{
		"id": "372",
		"conflict_degree":4,
		"stitch_degree":1,
		"conflict": [
			{"id": "367"},
			{"id": "389"},
			{"id": "390"},
			{"id": "391"}
		],
		"stitch": [
			{"id": "373"}
		]
	},
	{
		"id": "373",
		"conflict_degree":5,
		"stitch_degree":2,
		"conflict": [
			{"id": "375"},
			{"id": "388"},
			{"id": "389"},
			{"id": "390"},
			{"id": "391"}
		],
		"stitch": [
			{"id": "372"},
			{"id": "374"}
		]
	},
	{
		"id": "374",
		"conflict_degree":3,
		"stitch_degree":1,
		"conflict": [
			{"id": "375"},
			{"id": "376"},
			{"id": "388"}
		],
		"stitch": [
			{"id": "373"}
		]
	},
	{
		"id": "389",
		"conflict_degree":5,
		"stitch_degree":0,
		"conflict": [
			{"id": "366"},
			{"id": "367"},
			{"id": "372"},
			{"id": "373"},
			{"id": "390"}
		],
		"stitch": []
	},
	{
		"id": "390",
		"conflict_degree":5,
		"stitch_degree":0,
		"conflict": [
			{"id": "366"},
			{"id": "367"},
			{"id": "372"},
			{"id": "373"},
			{"id": "389"}
		],
		"stitch": []
	},
	{
		"id": "2448",
		"conflict_degree":3,
		"stitch_degree":2,
		"conflict": [
			{"id": "2445"},
			{"id": "2447"},
			{"id": "2451"}
		],
		"stitch": [
			{"id": "2449"},
			{"id": "2450"}
		]
	},
	{
		"id": "2449",
		"conflict_degree":1,
		"stitch_degree":1,
		"conflict": [
			{"id": "2451"}
		],
		"stitch": [
			{"id": "2448"}
		]
	},
	{
		"id": "2450",
		"conflict_degree":5,
		"stitch_degree":1,
		"conflict": [
			{"id": "2447"},
			{"id": "2451"},
			{"id": "2452"},
			{"id": "2459"},
			{"id": "2460"}
		],
		"stitch": [
			{"id": "2448"}
		]
	},
	{
		"id": "2451",
		"conflict_degree":5,
		"stitch_degree":0,
		"conflict": [
			{"id": "2448"},
			{"id": "2449"},
			{"id": "2450"},
			{"id": "2452"},
			{"id": "2455"}
		],
		"stitch": []
	},
	{
		"id": "2452",
		"conflict_degree":4,
		"stitch_degree":0,
		"conflict": [
			{"id": "2450"},
			{"id": "2451"},
			{"id": "2455"},
			{"id": "2459"}
		],
		"stitch": []
	},
	{
		"id": "2453",
		"conflict_degree":1,
		"stitch_degree":1,
		"conflict": [
			{"id": "2459"}
		],
		"stitch": [
			{"id": "2454"}
		]
	},
	{
		"id": "2454",
		"conflict_degree":1,
		"stitch_degree":2,
		"conflict": [
			{"id": "2458"}
		],
		"stitch": [
			{"id": "2453"},
			{"id": "2455"}
		]
	},
	{
		"id": "2455",
		"conflict_degree":5,
		"stitch_degree":1,
		"conflict": [
			{"id": "2451"},
			{"id": "2452"},
			{"id": "2456"},
			{"id": "2457"},
			{"id": "2458"}
		],
		"stitch": [
			{"id": "2454"}
		]
	},
	{
		"id": "2459",
		"conflict_degree":3,
		"stitch_degree":0,
		"conflict": [
			{"id": "2450"},
			{"id": "2452"},
			{"id": "2453"}
		],
		"stitch": []
	},
	{
		"id": "2676",
		"conflict_degree":3,
		"stitch_degree":1,
		"conflict": [
			{"id": "2674"},
			{"id": "2696"},
			{"id": "2697"}
		],
		"stitch": [
			{"id": "2677"}
		]
	},
	{
		"id": "2677",
		"conflict_degree":4,
		"stitch_degree":1,
		"conflict": [
			{"id": "2678"},
			{"id": "2696"},
			{"id": "2697"},
			{"id": "2699"}
		],
		"stitch": [
			{"id": "2676"}
		]
	},
	{
		"id": "2678",
		"conflict_degree":2,
		"stitch_degree":1,
		"conflict": [
			{"id": "2677"},
			{"id": "2699"}
		],
		"stitch": [
			{"id": "2679"}
		]
	},
	{
		"id": "2679",
		"conflict_degree":3,
		"stitch_degree":2,
		"conflict": [
			{"id": "2681"},
			{"id": "2693"},
			{"id": "2699"}
		],
		"stitch": [
			{"id": "2678"},
			{"id": "2680"}
		]
	},
	{
		"id": "2680",
		"conflict_degree":5,
		"stitch_degree":1,
		"conflict": [
			{"id": "2693"},
			{"id": "2695"},
			{"id": "2697"},
			{"id": "2698"},
			{"id": "2699"}
		],
		"stitch": [
			{"id": "2679"}
		]
	},
	{
		"id": "2696",
		"conflict_degree":2,
		"stitch_degree":1,
		"conflict": [
			{"id": "2676"},
			{"id": "2677"}
		],
		"stitch": [
			{"id": "2697"}
		]
	},
	{
		"id": "2697",
		"conflict_degree":5,
		"stitch_degree":1,
		"conflict": [
			{"id": "2676"},
			{"id": "2677"},
			{"id": "2680"},
			{"id": "2698"},
			{"id": "2699"}
		],
		"stitch": [
			{"id": "2696"}
		]
	},
	{
		"id": "2699",
		"conflict_degree":5,
		"stitch_degree":0,
		"conflict": [
			{"id": "2677"},
			{"id": "2678"},
			{"id": "2679"},
			{"id": "2680"},
			{"id": "2697"}
		],
		"stitch": []
	},
	{
		"id": "2735",
		"conflict_degree":3,
		"stitch_degree":2,
		"conflict": [
			{"id": "2734"},
			{"id": "2741"},
			{"id": "2803"}
		],
		"stitch": [
			{"id": "2736"},
			{"id": "2737"}
		]
	},
	{
		"id": "2736",
		"conflict_degree":2,
		"stitch_degree":1,
		"conflict": [
			{"id": "2738"},
			{"id": "2741"}
		],
		"stitch": [
			{"id": "2735"}
		]
	},
	{
		"id": "2737",
		"conflict_degree":5,
		"stitch_degree":1,
		"conflict": [
			{"id": "2741"},
			{"id": "2742"},
			{"id": "2743"},
			{"id": "2803"},
			{"id": "2804"}
		],
		"stitch": [
			{"id": "2735"}
		]
	},
	{
		"id": "2738",
		"conflict_degree":3,
		"stitch_degree":1,
		"conflict": [
			{"id": "2736"},
			{"id": "2741"},
			{"id": "2742"}
		],
		"stitch": [
			{"id": "2739"}
		]
	},
	{
		"id": "2739",
		"conflict_degree":2,
		"stitch_degree":2,
		"conflict": [
			{"id": "2742"},
			{"id": "2744"}
		],
		"stitch": [
			{"id": "2738"},
			{"id": "2740"}
		]
	},
	{
		"id": "2740",
		"conflict_degree":1,
		"stitch_degree":1,
		"conflict": [
			{"id": "2744"}
		],
		"stitch": [
			{"id": "2739"}
		]
	},
	{
		"id": "2741",
		"conflict_degree":5,
		"stitch_degree":0,
		"conflict": [
			{"id": "2735"},
			{"id": "2736"},
			{"id": "2737"},
			{"id": "2738"},
			{"id": "2742"}
		],
		"stitch": []
	},
	{
		"id": "2742",
		"conflict_degree":5,
		"stitch_degree":0,
		"conflict": [
			{"id": "2737"},
			{"id": "2738"},
			{"id": "2739"},
			{"id": "2741"},
			{"id": "2743"}
		],
		"stitch": []
	},
	{
		"id": "2829",
		"conflict_degree":3,
		"stitch_degree":1,
		"conflict": [
			{"id": "2828"},
			{"id": "2845"},
			{"id": "2852"}
		],
		"stitch": [
			{"id": "2830"}
		]
	},
	{
		"id": "2830",
		"conflict_degree":7,
		"stitch_degree":3,
		"conflict": [
			{"id": "2845"},
			{"id": "2846"},
			{"id": "2852"},
			{"id": "2853"},
			{"id": "2854"},
			{"id": "2855"},
			{"id": "2856"}
		],
		"stitch": [
			{"id": "2829"},
			{"id": "2831"},
			{"id": "2833"}
		]
	},
	{
		"id": "2831",
		"conflict_degree":3,
		"stitch_degree":2,
		"conflict": [
			{"id": "2835"},
			{"id": "2853"},
			{"id": "2856"}
		],
		"stitch": [
			{"id": "2830"},
			{"id": "2832"}
		]
	},
	{
		"id": "2832",
		"conflict_degree":2,
		"stitch_degree":1,
		"conflict": [
			{"id": "2835"},
			{"id": "2853"}
		],
		"stitch": [
			{"id": "2831"}
		]
	},
	{
		"id": "2833",
		"conflict_degree":3,
		"stitch_degree":2,
		"conflict": [
			{"id": "2845"},
			{"id": "2846"},
			{"id": "2855"}
		],
		"stitch": [
			{"id": "2830"},
			{"id": "2834"}
		]
	},
	{
		"id": "2834",
		"conflict_degree":2,
		"stitch_degree":1,
		"conflict": [
			{"id": "2845"},
			{"id": "2846"}
		],
		"stitch": [
			{"id": "2833"}
		]
	},
	{
		"id": "2835",
		"conflict_degree":3,
		"stitch_degree":1,
		"conflict": [
			{"id": "2831"},
			{"id": "2832"},
			{"id": "2844"}
		],
		"stitch": [
			{"id": "2836"}
		]
	},
	{
		"id": "2836",
		"conflict_degree":2,
		"stitch_degree":2,
		"conflict": [
			{"id": "2843"},
			{"id": "2844"}
		],
		"stitch": [
			{"id": "2835"},
			{"id": "2837"}
		]
	},
	{
		"id": "2837",
		"conflict_degree":6,
		"stitch_degree":3,
		"conflict": [
			{"id": "2843"},
			{"id": "2844"},
			{"id": "2846"},
			{"id": "2847"},
			{"id": "2849"},
			{"id": "2850"}
		],
		"stitch": [
			{"id": "2836"},
			{"id": "2838"},
			{"id": "2840"}
		]
	},
	{
		"id": "2838",
		"conflict_degree":3,
		"stitch_degree":2,
		"conflict": [
			{"id": "2842"},
			{"id": "2843"},
			{"id": "2844"}
		],
		"stitch": [
			{"id": "2837"},
			{"id": "2839"}
		]
	},
	{
		"id": "2839",
		"conflict_degree":1,
		"stitch_degree":1,
		"conflict": [
			{"id": "2843"}
		],
		"stitch": [
			{"id": "2838"}
		]
	},
	{
		"id": "2840",
		"conflict_degree":3,
		"stitch_degree":2,
		"conflict": [
			{"id": "2842"},
			{"id": "2847"},
			{"id": "2850"}
		],
		"stitch": [
			{"id": "2837"},
			{"id": "2841"}
		]
	},
	{
		"id": "2841",
		"conflict_degree":1,
		"stitch_degree":1,
		"conflict": [
			{"id": "2842"}
		],
		"stitch": [
			{"id": "2840"}
		]
	},
	{
		"id": "2845",
		"conflict_degree":6,
		"stitch_degree":1,
		"conflict": [
			{"id": "2829"},
			{"id": "2830"},
			{"id": "2833"},
			{"id": "2834"},
			{"id": "2848"},
			{"id": "2852"}
		],
		"stitch": [
			{"id": "2846"}
		]
	},
	{
		"id": "2846",
		"conflict_degree":8,
		"stitch_degree":2,
		"conflict": [
			{"id": "2830"},
			{"id": "2833"},
			{"id": "2834"},
			{"id": "2837"},
			{"id": "2848"},
			{"id": "2849"},
			{"id": "2850"},
			{"id": "2852"}
		],
		"stitch": [
			{"id": "2845"},
			{"id": "2847"}
		]
	},
	{
		"id": "2847",
		"conflict_degree":5,
		"stitch_degree":1,
		"conflict": [
			{"id": "2837"},
			{"id": "2840"},
			{"id": "2848"},
			{"id": "2849"},
			{"id": "2850"}
		],
		"stitch": [
			{"id": "2846"}
		]
	},
	{
		"id": "2848",
		"conflict_degree":5,
		"stitch_degree":1,
		"conflict": [
			{"id": "2845"},
			{"id": "2846"},
			{"id": "2847"},
			{"id": "2851"},
			{"id": "2852"}
		],
		"stitch": [
			{"id": "2849"}
		]
	},
	{
		"id": "2849",
		"conflict_degree":4,
		"stitch_degree":2,
		"conflict": [
			{"id": "2837"},
			{"id": "2846"},
			{"id": "2847"},
			{"id": "2851"}
		],
		"stitch": [
			{"id": "2848"},
			{"id": "2850"}
		]
	},
	{
		"id": "2850",
		"conflict_degree":4,
		"stitch_degree":1,
		"conflict": [
			{"id": "2837"},
			{"id": "2840"},
			{"id": "2846"},
			{"id": "2847"}
		],
		"stitch": [
			{"id": "2849"}
		]
	},
	{
		"id": "2852",
		"conflict_degree":6,
		"stitch_degree":0,
		"conflict": [
			{"id": "2829"},
			{"id": "2830"},
			{"id": "2845"},
			{"id": "2846"},
			{"id": "2848"},
			{"id": "2851"}
		],
		"stitch": []
	},
	{
		"id": "2959",
		"conflict_degree":3,
		"stitch_degree":2,
		"conflict": [
			{"id": "2957"},
			{"id": "2982"},
			{"id": "2983"}
		],
		"stitch": [
			{"id": "2960"},
			{"id": "2961"}
		]
	},
	{
		"id": "2960",
		"conflict_degree":1,
		"stitch_degree":1,
		"conflict": [
			{"id": "2982"}
		],
		"stitch": [
			{"id": "2959"}
		]
	},
	{
		"id": "2961",
		"conflict_degree":5,
		"stitch_degree":1,
		"conflict": [
			{"id": "2958"},
			{"id": "2962"},
			{"id": "2981"},
			{"id": "2982"},
			{"id": "2983"}
		],
		"stitch": [
			{"id": "2959"}
		]
	},
	{
		"id": "2962",
		"conflict_degree":5,
		"stitch_degree":0,
		"conflict": [
			{"id": "2961"},
			{"id": "2965"},
			{"id": "2966"},
			{"id": "2981"},
			{"id": "2982"}
		],
		"stitch": []
	},
	{
		"id": "2963",
		"conflict_degree":1,
		"stitch_degree":1,
		"conflict": [
			{"id": "2981"}
		],
		"stitch": [
			{"id": "2964"}
		]
	},
	{
		"id": "2964",
		"conflict_degree":1,
		"stitch_degree":2,
		"conflict": [
			{"id": "2968"}
		],
		"stitch": [
			{"id": "2963"},
			{"id": "2965"}
		]
	},
	{
		"id": "2965",
		"conflict_degree":3,
		"stitch_degree":2,
		"conflict": [
			{"id": "2962"},
			{"id": "2968"},
			{"id": "2969"}
		],
		"stitch": [
			{"id": "2964"},
			{"id": "2966"}
		]
	},
	{
		"id": "2966",
		"conflict_degree":5,
		"stitch_degree":2,
		"conflict": [
			{"id": "2962"},
			{"id": "2968"},
			{"id": "2969"},
			{"id": "2979"},
			{"id": "2982"}
		],
		"stitch": [
			{"id": "2965"},
			{"id": "2967"}
		]
	},
	{
		"id": "2967",
		"conflict_degree":1,
		"stitch_degree":1,
		"conflict": [
			{"id": "2979"}
		],
		"stitch": [
			{"id": "2966"}
		]
	},
	{
		"id": "2981",
		"conflict_degree":3,
		"stitch_degree":0,
		"conflict": [
			{"id": "2961"},
			{"id": "2962"},
			{"id": "2963"}
		],
		"stitch": []
	},
	{
		"id": "2982",
		"conflict_degree":5,
		"stitch_degree":0,
		"conflict": [
			{"id": "2959"},
			{"id": "2960"},
			{"id": "2961"},
			{"id": "2962"},
			{"id": "2966"}
		],
		"stitch": []
	},
	{
		"id": "3566",
		"conflict_degree":3,
		"stitch_degree":1,
		"conflict": [
			{"id": "3565"},
			{"id": "3589"},
			{"id": "3592"}
		],
		"stitch": [
			{"id": "3567"}
		]
	},
	{
		"id": "3567",
		"conflict_degree":3,
		"stitch_degree":2,
		"conflict": [
			{"id": "3565"},
			{"id": "3589"},
			{"id": "3590"}
		],
		"stitch": [
			{"id": "3566"},
			{"id": "3568"}
		]
	},
	{
		"id": "3568",
		"conflict_degree":3,
		"stitch_degree":1,
		"conflict": [
			{"id": "3569"},
			{"id": "3589"},
			{"id": "3590"}
		],
		"stitch": [
			{"id": "3567"}
		]
	},
	{
		"id": "3569",
		"conflict_degree":4,
		"stitch_degree":0,
		"conflict": [
			{"id": "3568"},
			{"id": "3572"},
			{"id": "3573"},
			{"id": "3590"}
		],
		"stitch": []
	},
	{
		"id": "3570",
		"conflict_degree":0,
		"stitch_degree":1,
		"conflict": [],
		"stitch": [
			{"id": "3571"}
		]
	},
	{
		"id": "3571",
		"conflict_degree":1,
		"stitch_degree":2,
		"conflict": [
			{"id": "3586"}
		],
		"stitch": [
			{"id": "3570"},
			{"id": "3572"}
		]
	},
	{
		"id": "3572",
		"conflict_degree":5,
		"stitch_degree":2,
		"conflict": [
			{"id": "3569"},
			{"id": "3579"},
			{"id": "3586"},
			{"id": "3587"},
			{"id": "3588"}
		],
		"stitch": [
			{"id": "3571"},
			{"id": "3573"}
		]
	},
	{
		"id": "3573",
		"conflict_degree":9,
		"stitch_degree":4,
		"conflict": [
			{"id": "3569"},
			{"id": "3577"},
			{"id": "3578"},
			{"id": "3579"},
			{"id": "3587"},
			{"id": "3588"},
			{"id": "3589"},
			{"id": "3590"},
			{"id": "3591"}
		],
		"stitch": [
			{"id": "3572"},
			{"id": "3574"},
			{"id": "3575"},
			{"id": "3576"}
		]
	},
	{
		"id": "3574",
		"conflict_degree":2,
		"stitch_degree":1,
		"conflict": [
			{"id": "3578"},
			{"id": "3587"}
		],
		"stitch": [
			{"id": "3573"}
		]
	},
	{
		"id": "3575",
		"conflict_degree":2,
		"stitch_degree":1,
		"conflict": [
			{"id": "3588"},
			{"id": "3591"}
		],
		"stitch": [
			{"id": "3573"}
		]
	},
	{
		"id": "3576",
		"conflict_degree":2,
		"stitch_degree":1,
		"conflict": [
			{"id": "3577"},
			{"id": "3591"}
		],
		"stitch": [
			{"id": "3573"}
		]
	},
	{
		"id": "3589",
		"conflict_degree":5,
		"stitch_degree":0,
		"conflict": [
			{"id": "3566"},
			{"id": "3567"},
			{"id": "3568"},
			{"id": "3573"},
			{"id": "3590"}
		],
		"stitch": []
	},
	{
		"id": "3590",
		"conflict_degree":5,
		"stitch_degree":0,
		"conflict": [
			{"id": "3567"},
			{"id": "3568"},
			{"id": "3569"},
			{"id": "3573"},
			{"id": "3589"}
		],
		"stitch": []
	},
	{
		"id": "4386",
		"conflict_degree":0,
		"stitch_degree":1,
		"conflict": [],
		"stitch": [
			{"id": "4387"}
		]
	},
	{
		"id": "4387",
		"conflict_degree":2,
		"stitch_degree":2,
		"conflict": [
			{"id": "4426"},
			{"id": "4427"}
		],
		"stitch": [
			{"id": "4386"},
			{"id": "4388"}
		]
	},
	{
		"id": "4388",
		"conflict_degree":4,
		"stitch_degree":2,
		"conflict": [
			{"id": "4392"},
			{"id": "4426"},
			{"id": "4427"},
			{"id": "4428"}
		],
		"stitch": [
			{"id": "4387"},
			{"id": "4389"}
		]
	},
	{
		"id": "4389",
		"conflict_degree":2,
		"stitch_degree":2,
		"conflict": [
			{"id": "4391"},
			{"id": "4424"}
		],
		"stitch": [
			{"id": "4388"},
			{"id": "4390"}
		]
	},
	{
		"id": "4390",
		"conflict_degree":3,
		"stitch_degree":1,
		"conflict": [
			{"id": "4391"},
			{"id": "4394"},
			{"id": "4424"}
		],
		"stitch": [
			{"id": "4389"}
		]
	},
	{
		"id": "4391",
		"conflict_degree":5,
		"stitch_degree":0,
		"conflict": [
			{"id": "4389"},
			{"id": "4390"},
			{"id": "4392"},
			{"id": "4393"},
			{"id": "4396"}
		],
		"stitch": []
	},
	{
		"id": "4392",
		"conflict_degree":2,
		"stitch_degree":1,
		"conflict": [
			{"id": "4388"},
			{"id": "4391"}
		],
		"stitch": [
			{"id": "4393"}
		]
	},
	{
		"id": "4393",
		"conflict_degree":2,
		"stitch_degree":1,
		"conflict": [
			{"id": "4391"},
			{"id": "4396"}
		],
		"stitch": [
			{"id": "4392"}
		]
	},
	{
		"id": "4394",
		"conflict_degree":3,
		"stitch_degree":1,
		"conflict": [
			{"id": "4390"},
			{"id": "4424"},
			{"id": "4425"}
		],
		"stitch": [
			{"id": "4395"}
		]
	},
	{
		"id": "4395",
		"conflict_degree":2,
		"stitch_degree":2,
		"conflict": [
			{"id": "4424"},
			{"id": "4425"}
		],
		"stitch": [
			{"id": "4394"},
			{"id": "4396"}
		]
	},
	{
		"id": "4396",
		"conflict_degree":5,
		"stitch_degree":1,
		"conflict": [
			{"id": "4391"},
			{"id": "4393"},
			{"id": "4397"},
			{"id": "4399"},
			{"id": "4425"}
		],
		"stitch": [
			{"id": "4395"}
		]
	},
	{
		"id": "6894",
		"conflict_degree":5,
		"stitch_degree":2,
		"conflict": [
			{"id": "6892"},
			{"id": "6898"},
			{"id": "6900"},
			{"id": "6901"},
			{"id": "6925"}
		],
		"stitch": [
			{"id": "6895"},
			{"id": "6897"}
		]
	},
	{
		"id": "6895",
		"conflict_degree":5,
		"stitch_degree":1,
		"conflict": [
			{"id": "6893"},
			{"id": "6900"},
			{"id": "6901"},
			{"id": "6925"},
			{"id": "6926"}
		],
		"stitch": [
			{"id": "6894"}
		]
	},
	{
		"id": "6896",
		"conflict_degree":3,
		"stitch_degree":1,
		"conflict": [
			{"id": "6892"},
			{"id": "6903"},
			{"id": "6925"}
		],
		"stitch": [
			{"id": "6897"}
		]
	},
	{
		"id": "6897",
		"conflict_degree":5,
		"stitch_degree":2,
		"conflict": [
			{"id": "6892"},
			{"id": "6898"},
			{"id": "6900"},
			{"id": "6901"},
			{"id": "6925"}
		],
		"stitch": [
			{"id": "6894"},
			{"id": "6896"}
		]
	},
	{
		"id": "6898",
		"conflict_degree":5,
		"stitch_degree":1,
		"conflict": [
			{"id": "6894"},
			{"id": "6897"},
			{"id": "6900"},
			{"id": "6901"},
			{"id": "6902"}
		],
		"stitch": [
			{"id": "6899"}
		]
	},
	{
		"id": "6899",
		"conflict_degree":3,
		"stitch_degree":1,
		"conflict": [
			{"id": "6901"},
			{"id": "6902"},
			{"id": "6906"}
		],
		"stitch": [
			{"id": "6898"}
		]
	},
	{
		"id": "6900",
		"conflict_degree":4,
		"stitch_degree":1,
		"conflict": [
			{"id": "6894"},
			{"id": "6895"},
			{"id": "6897"},
			{"id": "6898"}
		],
		"stitch": [
			{"id": "6901"}
		]
	},
	{
		"id": "6901",
		"conflict_degree":6,
		"stitch_degree":2,
		"conflict": [
			{"id": "6894"},
			{"id": "6895"},
			{"id": "6897"},
			{"id": "6898"},
			{"id": "6899"},
			{"id": "6906"}
		],
		"stitch": [
			{"id": "6900"},
			{"id": "6902"}
		]
	},
	{
		"id": "6902",
		"conflict_degree":3,
		"stitch_degree":1,
		"conflict": [
			{"id": "6898"},
			{"id": "6899"},
			{"id": "6906"}
		],
		"stitch": [
			{"id": "6901"}
		]
	},
	{
		"id": "6903",
		"conflict_degree":1,
		"stitch_degree":1,
		"conflict": [
			{"id": "6896"}
		],
		"stitch": [
			{"id": "6904"}
		]
	},
	{
		"id": "6904",
		"conflict_degree":0,
		"stitch_degree":2,
		"conflict": [],
		"stitch": [
			{"id": "6903"},
			{"id": "6905"}
		]
	},
	{
		"id": "6905",
		"conflict_degree":1,
		"stitch_degree":2,
		"conflict": [
			{"id": "6909"}
		],
		"stitch": [
			{"id": "6904"},
			{"id": "6906"}
		]
	},
	{
		"id": "6906",
		"conflict_degree":6,
		"stitch_degree":1,
		"conflict": [
			{"id": "6899"},
			{"id": "6901"},
			{"id": "6902"},
			{"id": "6907"},
			{"id": "6908"},
			{"id": "6909"}
		],
		"stitch": [
			{"id": "6905"}
		]
	},
	{
		"id": "7020",
		"conflict_degree":4,
		"stitch_degree":1,
		"conflict": [
			{"id": "7019"},
			{"id": "7055"},
			{"id": "7059"},
			{"id": "7060"}
		],
		"stitch": [
			{"id": "7021"}
		]
	},
	{
		"id": "7021",
		"conflict_degree":1,
		"stitch_degree":2,
		"conflict": [
			{"id": "7019"}
		],
		"stitch": [
			{"id": "7020"},
			{"id": "7022"}
		]
	},
	{
		"id": "7022",
		"conflict_degree":1,
		"stitch_degree":2,
		"conflict": [
			{"id": "7057"}
		],
		"stitch": [
			{"id": "7021"},
			{"id": "7023"}
		]
	},
	{
		"id": "7023",
		"conflict_degree":4,
		"stitch_degree":1,
		"conflict": [
			{"id": "7024"},
			{"id": "7027"},
			{"id": "7057"},
			{"id": "7058"}
		],
		"stitch": [
			{"id": "7022"}
		]
	},
	{
		"id": "7024",
		"conflict_degree":5,
		"stitch_degree":2,
		"conflict": [
			{"id": "7023"},
			{"id": "7029"},
			{"id": "7054"},
			{"id": "7056"},
			{"id": "7058"}
		],
		"stitch": [
			{"id": "7025"},
			{"id": "7027"}
		]
	},
	{
		"id": "7025",
		"conflict_degree":3,
		"stitch_degree":2,
		"conflict": [
			{"id": "7029"},
			{"id": "7030"},
			{"id": "7054"}
		],
		"stitch": [
			{"id": "7024"},
			{"id": "7026"}
		]
	},
	{
		"id": "7026",
		"conflict_degree":1,
		"stitch_degree":1,
		"conflict": [
			{"id": "7054"}
		],
		"stitch": [
			{"id": "7025"}
		]
	},
	{
		"id": "7027",
		"conflict_degree":3,
		"stitch_degree":2,
		"conflict": [
			{"id": "7023"},
			{"id": "7030"},
			{"id": "7058"}
		],
		"stitch": [
			{"id": "7024"},
			{"id": "7028"}
		]
	},
	{
		"id": "7028",
		"conflict_degree":2,
		"stitch_degree":1,
		"conflict": [
			{"id": "7030"},
			{"id": "7031"}
		],
		"stitch": [
			{"id": "7027"}
		]
	},
	{
		"id": "7055",
		"conflict_degree":3,
		"stitch_degree":1,
		"conflict": [
			{"id": "7020"},
			{"id": "7057"},
			{"id": "7058"}
		],
		"stitch": [
			{"id": "7056"}
		]
	},
	{
		"id": "7056",
		"conflict_degree":3,
		"stitch_degree":1,
		"conflict": [
			{"id": "7024"},
			{"id": "7057"},
			{"id": "7058"}
		],
		"stitch": [
			{"id": "7055"}
		]
	},
	{
		"id": "7057",
		"conflict_degree":4,
		"stitch_degree":1,
		"conflict": [
			{"id": "7022"},
			{"id": "7023"},
			{"id": "7055"},
			{"id": "7056"}
		],
		"stitch": [
			{"id": "7058"}
		]
	},
	{
		"id": "7058",
		"conflict_degree":5,
		"stitch_degree":1,
		"conflict": [
			{"id": "7023"},
			{"id": "7024"},
			{"id": "7027"},
			{"id": "7055"},
			{"id": "7056"}
		],
		"stitch": [
			{"id": "7057"}
		]
	},
	{
		"id": "9058",
		"conflict_degree":3,
		"stitch_degree":1,
		"conflict": [
			{"id": "9056"},
			{"id": "9072"},
			{"id": "9076"}
		],
		"stitch": [
			{"id": "9059"}
		]
	},
	{
		"id": "9059",
		"conflict_degree":7,
		"stitch_degree":3,
		"conflict": [
			{"id": "9057"},
			{"id": "9072"},
			{"id": "9073"},
			{"id": "9076"},
			{"id": "9083"},
			{"id": "9084"},
			{"id": "9085"}
		],
		"stitch": [
			{"id": "9058"},
			{"id": "9060"},
			{"id": "9062"}
		]
	},
	{
		"id": "9060",
		"conflict_degree":3,
		"stitch_degree":2,
		"conflict": [
			{"id": "9057"},
			{"id": "9072"},
			{"id": "9073"}
		],
		"stitch": [
			{"id": "9059"},
			{"id": "9061"}
		]
	},
	{
		"id": "9061",
		"conflict_degree":3,
		"stitch_degree":1,
		"conflict": [
			{"id": "9072"},
			{"id": "9073"},
			{"id": "9074"}
		],
		"stitch": [
			{"id": "9060"}
		]
	},
	{
		"id": "9062",
		"conflict_degree":3,
		"stitch_degree":2,
		"conflict": [
			{"id": "9064"},
			{"id": "9084"},
			{"id": "9085"}
		],
		"stitch": [
			{"id": "9059"},
			{"id": "9063"}
		]
	},
	{
		"id": "9063",
		"conflict_degree":2,
		"stitch_degree":1,
		"conflict": [
			{"id": "9064"},
			{"id": "9084"}
		],
		"stitch": [
			{"id": "9062"}
		]
	},
	{
		"id": "9064",
		"conflict_degree":5,
		"stitch_degree":1,
		"conflict": [
			{"id": "9062"},
			{"id": "9063"},
			{"id": "9077"},
			{"id": "9078"},
			{"id": "9081"}
		],
		"stitch": [
			{"id": "9065"}
		]
	},
	{
		"id": "9065",
		"conflict_degree":3,
		"stitch_degree":2,
		"conflict": [
			{"id": "9079"},
			{"id": "9081"},
			{"id": "9082"}
		],
		"stitch": [
			{"id": "9064"},
			{"id": "9066"}
		]
	},
	{
		"id": "9066",
		"conflict_degree":7,
		"stitch_degree":3,
		"conflict": [
			{"id": "9071"},
			{"id": "9074"},
			{"id": "9075"},
			{"id": "9078"},
			{"id": "9079"},
			{"id": "9081"},
			{"id": "9082"}
		],
		"stitch": [
			{"id": "9065"},
			{"id": "9067"},
			{"id": "9069"}
		]
	},
	{
		"id": "9067",
		"conflict_degree":5,
		"stitch_degree":2,
		"conflict": [
			{"id": "9071"},
			{"id": "9074"},
			{"id": "9075"},
			{"id": "9079"},
			{"id": "9080"}
		],
		"stitch": [
			{"id": "9066"},
			{"id": "9068"}
		]
	},
	{
		"id": "9068",
		"conflict_degree":1,
		"stitch_degree":1,
		"conflict": [
			{"id": "9080"}
		],
		"stitch": [
			{"id": "9067"}
		]
	},
	{
		"id": "9069",
		"conflict_degree":3,
		"stitch_degree":2,
		"conflict": [
			{"id": "9080"},
			{"id": "9081"},
			{"id": "9082"}
		],
		"stitch": [
			{"id": "9066"},
			{"id": "9070"}
		]
	},
	{
		"id": "9070",
		"conflict_degree":1,
		"stitch_degree":1,
		"conflict": [
			{"id": "9082"}
		],
		"stitch": [
			{"id": "9069"}
		]
	},
	{
		"id": "9071",
		"conflict_degree":6,
		"stitch_degree":0,
		"conflict": [
			{"id": "9066"},
			{"id": "9067"},
			{"id": "9074"},
			{"id": "9075"},
			{"id": "9078"},
			{"id": "9079"}
		],
		"stitch": []
	},
	{
		"id": "9072",
		"conflict_degree":5,
		"stitch_degree":1,
		"conflict": [
			{"id": "9058"},
			{"id": "9059"},
			{"id": "9060"},
			{"id": "9061"},
			{"id": "9076"}
		],
		"stitch": [
			{"id": "9073"}
		]
	},
	{
		"id": "9073",
		"conflict_degree":4,
		"stitch_degree":2,
		"conflict": [
			{"id": "9059"},
			{"id": "9060"},
			{"id": "9061"},
			{"id": "9076"}
		],
		"stitch": [
			{"id": "9072"},
			{"id": "9074"}
		]
	},
	{
		"id": "9074",
		"conflict_degree":4,
		"stitch_degree":2,
		"conflict": [
			{"id": "9061"},
			{"id": "9066"},
			{"id": "9067"},
			{"id": "9071"}
		],
		"stitch": [
			{"id": "9073"},
			{"id": "9075"}
		]
	},
	{
		"id": "9075",
		"conflict_degree":3,
		"stitch_degree":1,
		"conflict": [
			{"id": "9066"},
			{"id": "9067"},
			{"id": "9071"}
		],
		"stitch": [
			{"id": "9074"}
		]
	},
	{
		"id": "9076",
		"conflict_degree":5,
		"stitch_degree":0,
		"conflict": [
			{"id": "9058"},
			{"id": "9059"},
			{"id": "9072"},
			{"id": "9073"},
			{"id": "9077"}
		],
		"stitch": []
	},
	{
		"id": "9077",
		"conflict_degree":2,
		"stitch_degree":1,
		"conflict": [
			{"id": "9064"},
			{"id": "9076"}
		],
		"stitch": [
			{"id": "9078"}
		]
	},
	{
		"id": "9078",
		"conflict_degree":3,
		"stitch_degree":2,
		"conflict": [
			{"id": "9064"},
			{"id": "9066"},
			{"id": "9071"}
		],
		"stitch": [
			{"id": "9077"},
			{"id": "9079"}
		]
	},
	{
		"id": "9079",
		"conflict_degree":4,
		"stitch_degree":1,
		"conflict": [
			{"id": "9065"},
			{"id": "9066"},
			{"id": "9067"},
			{"id": "9071"}
		],
		"stitch": [
			{"id": "9078"}
		]
	},
	{
		"id": "9188",
		"conflict_degree":4,
		"stitch_degree":1,
		"conflict": [
			{"id": "9186"},
			{"id": "9191"},
			{"id": "9192"},
			{"id": "9211"}
		],
		"stitch": [
			{"id": "9189"}
		]
	},
	{
		"id": "9189",
		"conflict_degree":3,
		"stitch_degree":2,
		"conflict": [
			{"id": "9207"},
			{"id": "9210"},
			{"id": "9211"}
		],
		"stitch": [
			{"id": "9188"},
			{"id": "9190"}
		]
	},
	{
		"id": "9190",
		"conflict_degree":4,
		"stitch_degree":1,
		"conflict": [
			{"id": "9207"},
			{"id": "9208"},
			{"id": "9210"},
			{"id": "9211"}
		],
		"stitch": [
			{"id": "9189"}
		]
	},
	{
		"id": "9191",
		"conflict_degree":5,
		"stitch_degree":0,
		"conflict": [
			{"id": "9188"},
			{"id": "9192"},
			{"id": "9193"},
			{"id": "9206"},
			{"id": "9207"}
		],
		"stitch": []
	},
	{
		"id": "9192",
		"conflict_degree":3,
		"stitch_degree":1,
		"conflict": [
			{"id": "9188"},
			{"id": "9191"},
			{"id": "9196"}
		],
		"stitch": [
			{"id": "9193"}
		]
	},
	{
		"id": "9193",
		"conflict_degree":2,
		"stitch_degree":2,
		"conflict": [
			{"id": "9191"},
			{"id": "9196"}
		],
		"stitch": [
			{"id": "9192"},
			{"id": "9194"}
		]
	},
	{
		"id": "9194",
		"conflict_degree":5,
		"stitch_degree":1,
		"conflict": [
			{"id": "9195"},
			{"id": "9197"},
			{"id": "9205"},
			{"id": "9208"},
			{"id": "9209"}
		],
		"stitch": [
			{"id": "9193"}
		]
	},
	{
		"id": "9206",
		"conflict_degree":1,
		"stitch_degree":1,
		"conflict": [
			{"id": "9191"}
		],
		"stitch": [
			{"id": "9207"}
		]
	},
	{
		"id": "9207",
		"conflict_degree":4,
		"stitch_degree":2,
		"conflict": [
			{"id": "9189"},
			{"id": "9190"},
			{"id": "9191"},
			{"id": "9210"}
		],
		"stitch": [
			{"id": "9206"},
			{"id": "9208"}
		]
	},
	{
		"id": "9208",
		"conflict_degree":3,
		"stitch_degree":2,
		"conflict": [
			{"id": "9190"},
			{"id": "9194"},
			{"id": "9210"}
		],
		"stitch": [
			{"id": "9207"},
			{"id": "9209"}
		]
	},
	{
		"id": "9209",
		"conflict_degree":2,
		"stitch_degree":1,
		"conflict": [
			{"id": "9194"},
			{"id": "9210"}
		],
		"stitch": [
			{"id": "9208"}
		]
	}
]