[
	{
		"id": "350",
		"conflict_degree":0,
		"stitch_degree":1,
		"conflict": [],
		"stitch": [
			{"id": "351"}
		]
	},
	{
		"id": "351",
		"conflict_degree":2,
		"stitch_degree":2,
		"conflict": [
			{"id": "356"},
			{"id": "361"}
		],
		"stitch": [
			{"id": "350"},
			{"id": "352"}
		]
	},
	{
		"id": "352",
		"conflict_degree":6,
		"stitch_degree":1,
		"conflict": [
			{"id": "349"},
			{"id": "353"},
			{"id": "356"},
			{"id": "361"},
			{"id": "364"},
			{"id": "365"}
		],
		"stitch": [
			{"id": "351"}
		]
	},
	{
		"id": "353",
		"conflict_degree":2,
		"stitch_degree":1,
		"conflict": [
			{"id": "352"},
			{"id": "361"}
		],
		"stitch": [
			{"id": "354"}
		]
	},
	{
		"id": "354",
		"conflict_degree":2,
		"stitch_degree":2,
		"conflict": [
			{"id": "359"},
			{"id": "361"}
		],
		"stitch": [
			{"id": "353"},
			{"id": "355"}
		]
	},
	{
		"id": "355",
		"conflict_degree":1,
		"stitch_degree":1,
		"conflict": [
			{"id": "359"}
		],
		"stitch": [
			{"id": "354"}
		]
	},
	{
		"id": "356",
		"conflict_degree":3,
		"stitch_degree":1,
		"conflict": [
			{"id": "351"},
			{"id": "352"},
			{"id": "361"}
		],
		"stitch": [
			{"id": "357"}
		]
	},
	{
		"id": "357",
		"conflict_degree":0,
		"stitch_degree":2,
		"conflict": [],
		"stitch": [
			{"id": "356"},
			{"id": "358"}
		]
	},
	{
		"id": "358",
		"conflict_degree":1,
		"stitch_degree":2,
		"conflict": [
			{"id": "360"}
		],
		"stitch": [
			{"id": "357"},
			{"id": "359"}
		]
	},
	{
		"id": "359",
		"conflict_degree":5,
		"stitch_degree":1,
		"conflict": [
			{"id": "354"},
			{"id": "355"},
			{"id": "360"},
			{"id": "362"},
			{"id": "363"}
		],
		"stitch": [
			{"id": "358"}
		]
	},
	{
		"id": "361",
		"conflict_degree":5,
		"stitch_degree":0,
		"conflict": [
			{"id": "351"},
			{"id": "352"},
			{"id": "353"},
			{"id": "354"},
			{"id": "356"}
		],
		"stitch": []
	},
	{
		"id": "839",
		"conflict_degree":0,
		"stitch_degree":2,
		"conflict": [],
		"stitch": [
			{"id": "840"},
			{"id": "841"}
		]
	},
	{
		"id": "840",
		"conflict_degree":1,
		"stitch_degree":1,
		"conflict": [
			{"id": "854"}
		],
		"stitch": [
			{"id": "839"}
		]
	},
	{
		"id": "841",
		"conflict_degree":2,
		"stitch_degree":2,
		"conflict": [
			{"id": "843"},
			{"id": "853"}
		],
		"stitch": [
			{"id": "839"},
			{"id": "842"}
		]
	},
	{
		"id": "842",
		"conflict_degree":6,
		"stitch_degree":1,
		"conflict": [
			{"id": "838"},
			{"id": "843"},
			{"id": "850"},
			{"id": "853"},
			{"id": "855"},
			{"id": "856"}
		],
		"stitch": [
			{"id": "841"}
		]
	},
	{
		"id": "843",
		"conflict_degree":3,
		"stitch_degree":1,
		"conflict": [
			{"id": "841"},
			{"id": "842"},
			{"id": "853"}
		],
		"stitch": [
			{"id": "844"}
		]
	},
	{
		"id": "844",
		"conflict_degree":0,
		"stitch_degree":2,
		"conflict": [],
		"stitch": [
			{"id": "843"},
			{"id": "845"}
		]
	},
	{
		"id": "845",
		"conflict_degree":1,
		"stitch_degree":2,
		"conflict": [
			{"id": "847"}
		],
		"stitch": [
			{"id": "844"},
			{"id": "846"}
		]
	},
	{
		"id": "846",
		"conflict_degree":5,
		"stitch_degree":1,
		"conflict": [
			{"id": "847"},
			{"id": "848"},
			{"id": "849"},
			{"id": "851"},
			{"id": "852"}
		],
		"stitch": [
			{"id": "845"}
		]
	},
	{
		"id": "850",
		"conflict_degree":2,
		"stitch_degree":1,
		"conflict": [
			{"id": "842"},
			{"id": "853"}
		],
		"stitch": [
			{"id": "851"}
		]
	},
	{
		"id": "851",
		"conflict_degree":2,
		"stitch_degree":2,
		"conflict": [
			{"id": "846"},
			{"id": "853"}
		],
		"stitch": [
			{"id": "850"},
			{"id": "852"}
		]
	},
	{
		"id": "852",
		"conflict_degree":1,
		"stitch_degree":1,
		"conflict": [
			{"id": "846"}
		],
		"stitch": [
			{"id": "851"}
		]
	},
	{
		"id": "853",
		"conflict_degree":5,
		"stitch_degree":0,
		"conflict": [
			{"id": "841"},
			{"id": "842"},
			{"id": "843"},
			{"id": "850"},
			{"id": "851"}
		],
		"stitch": []
	},
	{
		"id": "935",
		"conflict_degree":4,
		"stitch_degree":2,
		"conflict": [
			{"id": "934"},
			{"id": "942"},
			{"id": "943"},
			{"id": "951"}
		],
		"stitch": [
			{"id": "936"},
			{"id": "937"}
		]
	},
	{
		"id": "936",
		"conflict_degree":5,
		"stitch_degree":1,
		"conflict": [
			{"id": "938"},
			{"id": "942"},
			{"id": "948"},
			{"id": "950"},
			{"id": "951"}
		],
		"stitch": [
			{"id": "935"}
		]
	},
	{
		"id": "937",
		"conflict_degree":3,
		"stitch_degree":1,
		"conflict": [
			{"id": "942"},
			{"id": "943"},
			{"id": "944"}
		],
		"stitch": [
			{"id": "935"}
		]
	},
	{
		"id": "938",
		"conflict_degree":3,
		"stitch_degree":1,
		"conflict": [
			{"id": "936"},
			{"id": "942"},
			{"id": "948"}
		],
		"stitch": [
			{"id": "939"}
		]
	},
	{
		"id": "939",
		"conflict_degree":4,
		"stitch_degree":2,
		"conflict": [
			{"id": "941"},
			{"id": "942"},
			{"id": "947"},
			{"id": "948"}
		],
		"stitch": [
			{"id": "938"},
			{"id": "940"}
		]
	},
	{
		"id": "940",
		"conflict_degree":5,
		"stitch_degree":1,
		"conflict": [
			{"id": "941"},
			{"id": "945"},
			{"id": "946"},
			{"id": "947"},
			{"id": "949"}
		],
		"stitch": [
			{"id": "939"}
		]
	},
	{
		"id": "942",
		"conflict_degree":7,
		"stitch_degree":0,
		"conflict": [
			{"id": "935"},
			{"id": "936"},
			{"id": "937"},
			{"id": "938"},
			{"id": "939"},
			{"id": "943"},
			{"id": "944"}
		],
		"stitch": []
	},
	{
		"id": "943",
		"conflict_degree":3,
		"stitch_degree":1,
		"conflict": [
			{"id": "935"},
			{"id": "937"},
			{"id": "942"}
		],
		"stitch": [
			{"id": "944"}
		]
	},
	{
		"id": "944",
		"conflict_degree":3,
		"stitch_degree":2,
		"conflict": [
			{"id": "937"},
			{"id": "942"},
			{"id": "947"}
		],
		"stitch": [
			{"id": "943"},
			{"id": "945"}
		]
	},
	{
		"id": "945",
		"conflict_degree":2,
		"stitch_degree":2,
		"conflict": [
			{"id": "940"},
			{"id": "947"}
		],
		"stitch": [
			{"id": "944"},
			{"id": "946"}
		]
	},
	{
		"id": "946",
		"conflict_degree":2,
		"stitch_degree":1,
		"conflict": [
			{"id": "940"},
			{"id": "947"}
		],
		"stitch": [
			{"id": "945"}
		]
	},
	{
		"id": "1200",
		"conflict_degree":6,
		"stitch_degree":1,
		"conflict": [
			{"id": "1198"},
			{"id": "1199"},
			{"id": "1203"},
			{"id": "1204"},
			{"id": "1206"},
			{"id": "1213"}
		],
		"stitch": [
			{"id": "1201"}
		]
	},
	{
		"id": "1201",
		"conflict_degree":2,
		"stitch_degree":2,
		"conflict": [
			{"id": "1205"},
			{"id": "1211"}
		],
		"stitch": [
			{"id": "1200"},
			{"id": "1202"}
		]
	},
	{
		"id": "1202",
		"conflict_degree":3,
		"stitch_degree":1,
		"conflict": [
			{"id": "1205"},
			{"id": "1209"},
			{"id": "1211"}
		],
		"stitch": [
			{"id": "1201"}
		]
	},
	{
		"id": "1204",
		"conflict_degree":4,
		"stitch_degree":0,
		"conflict": [
			{"id": "1200"},
			{"id": "1205"},
			{"id": "1206"},
			{"id": "1207"}
		],
		"stitch": []
	},
	{
		"id": "1205",
		"conflict_degree":4,
		"stitch_degree":0,
		"conflict": [
			{"id": "1201"},
			{"id": "1202"},
			{"id": "1204"},
			{"id": "1207"}
		],
		"stitch": []
	},
	{
		"id": "1206",
		"conflict_degree":3,
		"stitch_degree":1,
		"conflict": [
			{"id": "1200"},
			{"id": "1204"},
			{"id": "1210"}
		],
		"stitch": [
			{"id": "1207"}
		]
	},
	{
		"id": "1207",
		"conflict_degree":3,
		"stitch_degree":2,
		"conflict": [
			{"id": "1204"},
			{"id": "1205"},
			{"id": "1212"}
		],
		"stitch": [
			{"id": "1206"},
			{"id": "1208"}
		]
	},
	{
		"id": "1208",
		"conflict_degree":2,
		"stitch_degree":2,
		"conflict": [
			{"id": "1211"},
			{"id": "1212"}
		],
		"stitch": [
			{"id": "1207"},
			{"id": "1209"}
		]
	},
	{
		"id": "1209",
		"conflict_degree":3,
		"stitch_degree":1,
		"conflict": [
			{"id": "1202"},
			{"id": "1211"},
			{"id": "1212"}
		],
		"stitch": [
			{"id": "1208"}
		]
	},
	{
		"id": "1362",
		"conflict_degree":2,
		"stitch_degree":1,
		"conflict": [
			{"id": "1360"},
			{"id": "1367"}
		],
		"stitch": [
			{"id": "1363"}
		]
	},
	{
		"id": "1363",
		"conflict_degree":2,
		"stitch_degree":2,
		"conflict": [
			{"id": "1360"},
			{"id": "1367"}
		],
		"stitch": [
			{"id": "1362"},
			{"id": "1364"}
		]
	},
	{
		"id": "1364",
		"conflict_degree":5,
		"stitch_degree":2,
		"conflict": [
			{"id": "1360"},
			{"id": "1367"},
			{"id": "1368"},
			{"id": "1369"},
			{"id": "1370"}
		],
		"stitch": [
			{"id": "1363"},
			{"id": "1365"}
		]
	},
	{
		"id": "1365",
		"conflict_degree":2,
		"stitch_degree":2,
		"conflict": [
			{"id": "1360"},
			{"id": "1370"}
		],
		"stitch": [
			{"id": "1364"},
			{"id": "1366"}
		]
	},
	{
		"id": "1366",
		"conflict_degree":2,
		"stitch_degree":1,
		"conflict": [
			{"id": "1370"},
			{"id": "1372"}
		],
		"stitch": [
			{"id": "1365"}
		]
	},
	{
		"id": "1369",
		"conflict_degree":4,
		"stitch_degree":0,
		"conflict": [
			{"id": "1364"},
			{"id": "1370"},
			{"id": "1371"},
			{"id": "1374"}
		],
		"stitch": []
	},
	{
		"id": "1370",
		"conflict_degree":7,
		"stitch_degree":1,
		"conflict": [
			{"id": "1364"},
			{"id": "1365"},
			{"id": "1366"},
			{"id": "1369"},
			{"id": "1372"},
			{"id": "1373"},
			{"id": "1374"}
		],
		"stitch": [
			{"id": "1371"}
		]
	},
	{
		"id": "1371",
		"conflict_degree":5,
		"stitch_degree":1,
		"conflict": [
			{"id": "1369"},
			{"id": "1372"},
			{"id": "1373"},
			{"id": "1374"},
			{"id": "1375"}
		],
		"stitch": [
			{"id": "1370"}
		]
	},
	{
		"id": "1372",
		"conflict_degree":4,
		"stitch_degree":1,
		"conflict": [
			{"id": "1366"},
			{"id": "1370"},
			{"id": "1371"},
			{"id": "1385"}
		],
		"stitch": [
			{"id": "1373"}
		]
	},
	{
		"id": "1373",
		"conflict_degree":3,
		"stitch_degree":2,
		"conflict": [
			{"id": "1370"},
			{"id": "1371"},
			{"id": "1385"}
		],
		"stitch": [
			{"id": "1372"},
			{"id": "1374"}
		]
	},
	{
		"id": "1374",
		"conflict_degree":5,
		"stitch_degree":2,
		"conflict": [
			{"id": "1369"},
			{"id": "1370"},
			{"id": "1371"},
			{"id": "1377"},
			{"id": "1385"}
		],
		"stitch": [
			{"id": "1373"},
			{"id": "1375"}
		]
	},
	{
		"id": "1375",
		"conflict_degree":2,
		"stitch_degree":2,
		"conflict": [
			{"id": "1371"},
			{"id": "1378"}
		],
		"stitch": [
			{"id": "1374"},
			{"id": "1376"}
		]
	},
	{
		"id": "1376",
		"conflict_degree":1,
		"stitch_degree":1,
		"conflict": [
			{"id": "1378"}
		],
		"stitch": [
			{"id": "1375"}
		]
	},
	{
		"id": "1719",
		"conflict_degree":3,
		"stitch_degree":1,
		"conflict": [
			{"id": "1717"},
			{"id": "1787"},
			{"id": "1788"}
		],
		"stitch": [
			{"id": "1720"}
		]
	},
	{
		"id": "1720",
		"conflict_degree":2,
		"stitch_degree":2,
		"conflict": [
			{"id": "1787"},
			{"id": "1788"}
		],
		"stitch": [
			{"id": "1719"},
			{"id": "1721"}
		]
	},
	{
		"id": "1721",
		"conflict_degree":6,
		"stitch_degree":2,
		"conflict": [
			{"id": "1724"},
			{"id": "1780"},
			{"id": "1781"},
			{"id": "1786"},
			{"id": "1787"},
			{"id": "1788"}
		],
		"stitch": [
			{"id": "1720"},
			{"id": "1722"}
		]
	},
	{
		"id": "1722",
		"conflict_degree":3,
		"stitch_degree":2,
		"conflict": [
			{"id": "1718"},
			{"id": "1724"},
			{"id": "1780"}
		],
		"stitch": [
			{"id": "1721"},
			{"id": "1723"}
		]
	},
	{
		"id": "1723",
		"conflict_degree":1,
		"stitch_degree":1,
		"conflict": [
			{"id": "1718"}
		],
		"stitch": [
			{"id": "1722"}
		]
	},
	{
		"id": "1724",
		"conflict_degree":3,
		"stitch_degree":1,
		"conflict": [
			{"id": "1721"},
			{"id": "1722"},
			{"id": "1780"}
		],
		"stitch": [
			{"id": "1725"}
		]
	},
	{
		"id": "1725",
		"conflict_degree":0,
		"stitch_degree":2,
		"conflict": [],
		"stitch": [
			{"id": "1724"},
			{"id": "1726"}
		]
	},
	{
		"id": "1726",
		"conflict_degree":1,
		"stitch_degree":2,
		"conflict": [
			{"id": "1728"}
		],
		"stitch": [
			{"id": "1725"},
			{"id": "1727"}
		]
	},
	{
		"id": "1727",
		"conflict_degree":6,
		"stitch_degree":1,
		"conflict": [
			{"id": "1728"},
			{"id": "1729"},
			{"id": "1782"},
			{"id": "1783"},
			{"id": "1784"},
			{"id": "1785"}
		],
		"stitch": [
			{"id": "1726"}
		]
	},
	{
		"id": "1780",
		"conflict_degree":5,
		"stitch_degree":0,
		"conflict": [
			{"id": "1721"},
			{"id": "1722"},
			{"id": "1724"},
			{"id": "1781"},
			{"id": "1782"}
		],
		"stitch": []
	},
	{
		"id": "1781",
		"conflict_degree":2,
		"stitch_degree":1,
		"conflict": [
			{"id": "1721"},
			{"id": "1780"}
		],
		"stitch": [
			{"id": "1782"}
		]
	},
	{
		"id": "1782",
		"conflict_degree":2,
		"stitch_degree":2,
		"conflict": [
			{"id": "1727"},
			{"id": "1780"}
		],
		"stitch": [
			{"id": "1781"},
			{"id": "1783"}
		]
	},
	{
		"id": "1783",
		"conflict_degree":1,
		"stitch_degree":1,
		"conflict": [
			{"id": "1727"}
		],
		"stitch": [
			{"id": "1782"}
		]
	},
	{
		"id": "1929",
		"conflict_degree":5,
		"stitch_degree":1,
		"conflict": [
			{"id": "1927"},
			{"id": "1939"},
			{"id": "1940"},
			{"id": "1941"},
			{"id": "1942"}
		],
		"stitch": [
			{"id": "1930"}
		]
	},
	{
		"id": "1930",
		"conflict_degree":5,
		"stitch_degree":2,
		"conflict": [
			{"id": "1927"},
			{"id": "1932"},
			{"id": "1933"},
			{"id": "1934"},
			{"id": "1935"}
		],
		"stitch": [
			{"id": "1929"},
			{"id": "1931"}
		]
	},
	{
		"id": "1931",
		"conflict_degree":4,
		"stitch_degree":1,
		"conflict": [
			{"id": "1932"},
			{"id": "1933"},
			{"id": "1934"},
			{"id": "1935"}
		],
		"stitch": [
			{"id": "1930"}
		]
	},
	{
		"id": "1932",
		"conflict_degree":4,
		"stitch_degree":0,
		"conflict": [
			{"id": "1930"},
			{"id": "1931"},
			{"id": "1935"},
			{"id": "1939"}
		],
		"stitch": []
	},
	{
		"id": "1933",
		"conflict_degree":2,
		"stitch_degree":1,
		"conflict": [
			{"id": "1930"},
			{"id": "1931"}
		],
		"stitch": [
			{"id": "1934"}
		]
	},
	{
		"id": "1934",
		"conflict_degree":3,
		"stitch_degree":2,
		"conflict": [
			{"id": "1930"},
			{"id": "1931"},
			{"id": "1936"}
		],
		"stitch": [
			{"id": "1933"},
			{"id": "1935"}
		]
	},
	{
		"id": "1935",
		"conflict_degree":7,
		"stitch_degree":1,
		"conflict": [
			{"id": "1930"},
			{"id": "1931"},
			{"id": "1932"},
			{"id": "1936"},
			{"id": "1937"},
			{"id": "1938"},
			{"id": "1939"}
		],
		"stitch": [
			{"id": "1934"}
		]
	},
	{
		"id": "1939",
		"conflict_degree":4,
		"stitch_degree":0,
		"conflict": [
			{"id": "1929"},
			{"id": "1932"},
			{"id": "1935"},
			{"id": "1938"}
		],
		"stitch": []
	}
]