[
	{
		"id": "44",
		"conflict_degree":1,
		"stitch_degree":1,
		"conflict": [
			{"id": "42"}
		],
		"stitch": [
			{"id": "45"}
		]
	},
	{
		"id": "45",
		"conflict_degree":4,
		"stitch_degree":3,
		"conflict": [
			{"id": "51"},
			{"id": "69"},
			{"id": "71"},
			{"id": "73"}
		],
		"stitch": [
			{"id": "44"},
			{"id": "46"},
			{"id": "47"}
		]
	},
	{
		"id": "46",
		"conflict_degree":1,
		"stitch_degree":1,
		"conflict": [
			{"id": "67"}
		],
		"stitch": [
			{"id": "45"}
		]
	},
	{
		"id": "47",
		"conflict_degree":5,
		"stitch_degree":4,
		"conflict": [
			{"id": "51"},
			{"id": "71"},
			{"id": "73"},
			{"id": "74"},
			{"id": "75"}
		],
		"stitch": [
			{"id": "45"},
			{"id": "48"},
			{"id": "49"},
			{"id": "50"}
		]
	},
	{
		"id": "48",
		"conflict_degree":1,
		"stitch_degree":1,
		"conflict": [
			{"id": "75"}
		],
		"stitch": [
			{"id": "47"}
		]
	},
	{
		"id": "49",
		"conflict_degree":2,
		"stitch_degree":1,
		"conflict": [
			{"id": "73"},
			{"id": "75"}
		],
		"stitch": [
			{"id": "47"}
		]
	},
	{
		"id": "50",
		"conflict_degree":2,
		"stitch_degree":1,
		"conflict": [
			{"id": "73"},
			{"id": "74"}
		],
		"stitch": [
			{"id": "47"}
		]
	},
	{
		"id": "51",
		"conflict_degree":3,
		"stitch_degree":1,
		"conflict": [
			{"id": "45"},
			{"id": "47"},
			{"id": "69"}
		],
		"stitch": [
			{"id": "52"}
		]
	},
	{
		"id": "52",
		"conflict_degree":4,
		"stitch_degree":2,
		"conflict": [
			{"id": "55"},
			{"id": "67"},
			{"id": "68"},
			{"id": "69"}
		],
		"stitch": [
			{"id": "51"},
			{"id": "53"}
		]
	},
	{
		"id": "53",
		"conflict_degree":6,
		"stitch_degree":1,
		"conflict": [
			{"id": "54"},
			{"id": "55"},
			{"id": "65"},
			{"id": "66"},
			{"id": "68"},
			{"id": "70"}
		],
		"stitch": [
			{"id": "52"}
		]
	},
	{
		"id": "67",
		"conflict_degree":3,
		"stitch_degree":1,
		"conflict": [
			{"id": "46"},
			{"id": "52"},
			{"id": "69"}
		],
		"stitch": [
			{"id": "68"}
		]
	},
	{
		"id": "68",
		"conflict_degree":2,
		"stitch_degree":1,
		"conflict": [
			{"id": "52"},
			{"id": "53"}
		],
		"stitch": [
			{"id": "67"}
		]
	},
	{
		"id": "69",
		"conflict_degree":4,
		"stitch_degree":0,
		"conflict": [
			{"id": "45"},
			{"id": "51"},
			{"id": "52"},
			{"id": "67"}
		],
		"stitch": []
	},
	{
		"id": "265",
		"conflict_degree":5,
		"stitch_degree":1,
		"conflict": [
			{"id": "263"},
			{"id": "264"},
			{"id": "297"},
			{"id": "302"},
			{"id": "303"}
		],
		"stitch": [
			{"id": "266"}
		]
	},
	{
		"id": "266",
		"conflict_degree":2,
		"stitch_degree":2,
		"conflict": [
			{"id": "264"},
			{"id": "292"}
		],
		"stitch": [
			{"id": "265"},
			{"id": "267"}
		]
	},
	{
		"id": "267",
		"conflict_degree":2,
		"stitch_degree":1,
		"conflict": [
			{"id": "273"},
			{"id": "292"}
		],
		"stitch": [
			{"id": "266"}
		]
	},
	{
		"id": "268",
		"conflict_degree":1,
		"stitch_degree":1,
		"conflict": [
			{"id": "301"}
		],
		"stitch": [
			{"id": "269"}
		]
	},
	{
		"id": "269",
		"conflict_degree":6,
		"stitch_degree":4,
		"conflict": [
			{"id": "290"},
			{"id": "291"},
			{"id": "298"},
			{"id": "299"},
			{"id": "300"},
			{"id": "301"}
		],
		"stitch": [
			{"id": "268"},
			{"id": "270"},
			{"id": "271"},
			{"id": "274"}
		]
	},
	{
		"id": "270",
		"conflict_degree":2,
		"stitch_degree":1,
		"conflict": [
			{"id": "300"},
			{"id": "301"}
		],
		"stitch": [
			{"id": "269"}
		]
	},
	{
		"id": "271",
		"conflict_degree":5,
		"stitch_degree":3,
		"conflict": [
			{"id": "290"},
			{"id": "296"},
			{"id": "298"},
			{"id": "299"},
			{"id": "300"}
		],
		"stitch": [
			{"id": "269"},
			{"id": "272"},
			{"id": "273"}
		]
	},
	{
		"id": "272",
		"conflict_degree":1,
		"stitch_degree":1,
		"conflict": [
			{"id": "275"}
		],
		"stitch": [
			{"id": "271"}
		]
	},
	{
		"id": "273",
		"conflict_degree":4,
		"stitch_degree":1,
		"conflict": [
			{"id": "267"},
			{"id": "292"},
			{"id": "293"},
			{"id": "294"}
		],
		"stitch": [
			{"id": "271"}
		]
	},
	{
		"id": "274",
		"conflict_degree":2,
		"stitch_degree":1,
		"conflict": [
			{"id": "291"},
			{"id": "300"}
		],
		"stitch": [
			{"id": "269"}
		]
	},
	{
		"id": "292",
		"conflict_degree":3,
		"stitch_degree":1,
		"conflict": [
			{"id": "266"},
			{"id": "267"},
			{"id": "273"}
		],
		"stitch": [
			{"id": "293"}
		]
	},
	{
		"id": "293",
		"conflict_degree":3,
		"stitch_degree":2,
		"conflict": [
			{"id": "273"},
			{"id": "295"},
			{"id": "296"}
		],
		"stitch": [
			{"id": "292"},
			{"id": "294"}
		]
	},
	{
		"id": "294",
		"conflict_degree":3,
		"stitch_degree":1,
		"conflict": [
			{"id": "273"},
			{"id": "295"},
			{"id": "296"}
		],
		"stitch": [
			{"id": "293"}
		]
	},
	{
		"id": "295",
		"conflict_degree":3,
		"stitch_degree":1,
		"conflict": [
			{"id": "293"},
			{"id": "294"},
			{"id": "298"}
		],
		"stitch": [
			{"id": "296"}
		]
	},
	{
		"id": "296",
		"conflict_degree":5,
		"stitch_degree":1,
		"conflict": [
			{"id": "271"},
			{"id": "293"},
			{"id": "294"},
			{"id": "298"},
			{"id": "299"}
		],
		"stitch": [
			{"id": "295"}
		]
	},
	{
		"id": "297",
		"conflict_degree":1,
		"stitch_degree":1,
		"conflict": [
			{"id": "265"}
		],
		"stitch": [
			{"id": "298"}
		]
	},
	{
		"id": "298",
		"conflict_degree":4,
		"stitch_degree":2,
		"conflict": [
			{"id": "269"},
			{"id": "271"},
			{"id": "295"},
			{"id": "296"}
		],
		"stitch": [
			{"id": "297"},
			{"id": "299"}
		]
	},
	{
		"id": "299",
		"conflict_degree":3,
		"stitch_degree":1,
		"conflict": [
			{"id": "269"},
			{"id": "271"},
			{"id": "296"}
		],
		"stitch": [
			{"id": "298"}
		]
	},
	{
		"id": "524",
		"conflict_degree":4,
		"stitch_degree":1,
		"conflict": [
			{"id": "521"},
			{"id": "530"},
			{"id": "531"},
			{"id": "532"}
		],
		"stitch": [
			{"id": "525"}
		]
	},
	{
		"id": "525",
		"conflict_degree":4,
		"stitch_degree":1,
		"conflict": [
			{"id": "526"},
			{"id": "530"},
			{"id": "531"},
			{"id": "542"}
		],
		"stitch": [
			{"id": "524"}
		]
	},
	{
		"id": "526",
		"conflict_degree":3,
		"stitch_degree":1,
		"conflict": [
			{"id": "525"},
			{"id": "528"},
			{"id": "529"}
		],
		"stitch": [
			{"id": "527"}
		]
	},
	{
		"id": "527",
		"conflict_degree":3,
		"stitch_degree":1,
		"conflict": [
			{"id": "528"},
			{"id": "529"},
			{"id": "533"}
		],
		"stitch": [
			{"id": "526"}
		]
	},
	{
		"id": "528",
		"conflict_degree":4,
		"stitch_degree":1,
		"conflict": [
			{"id": "526"},
			{"id": "527"},
			{"id": "530"},
			{"id": "533"}
		],
		"stitch": [
			{"id": "529"}
		]
	},
	{
		"id": "529",
		"conflict_degree":3,
		"stitch_degree":1,
		"conflict": [
			{"id": "526"},
			{"id": "527"},
			{"id": "533"}
		],
		"stitch": [
			{"id": "528"}
		]
	},
	{
		"id": "530",
		"conflict_degree":4,
		"stitch_degree":0,
		"conflict": [
			{"id": "524"},
			{"id": "525"},
			{"id": "528"},
			{"id": "531"}
		],
		"stitch": []
	},
	{
		"id": "531",
		"conflict_degree":4,
		"stitch_degree":1,
		"conflict": [
			{"id": "524"},
			{"id": "525"},
			{"id": "530"},
			{"id": "541"}
		],
		"stitch": [
			{"id": "532"}
		]
	},
	{
		"id": "532",
		"conflict_degree":4,
		"stitch_degree":4,
		"conflict": [
			{"id": "524"},
			{"id": "539"},
			{"id": "540"},
			{"id": "541"}
		],
		"stitch": [
			{"id": "531"},
			{"id": "533"},
			{"id": "535"},
			{"id": "536"}
		]
	},
	{
		"id": "533",
		"conflict_degree":5,
		"stitch_degree":2,
		"conflict": [
			{"id": "527"},
			{"id": "528"},
			{"id": "529"},
			{"id": "537"},
			{"id": "540"}
		],
		"stitch": [
			{"id": "532"},
			{"id": "534"}
		]
	},
	{
		"id": "534",
		"conflict_degree":0,
		"stitch_degree":1,
		"conflict": [],
		"stitch": [
			{"id": "533"}
		]
	},
	{
		"id": "535",
		"conflict_degree":2,
		"stitch_degree":1,
		"conflict": [
			{"id": "539"},
			{"id": "540"}
		],
		"stitch": [
			{"id": "532"}
		]
	},
	{
		"id": "536",
		"conflict_degree":2,
		"stitch_degree":1,
		"conflict": [
			{"id": "540"},
			{"id": "541"}
		],
		"stitch": [
			{"id": "532"}
		]
	},
	{
		"id": "923",
		"conflict_degree":1,
		"stitch_degree":1,
		"conflict": [
			{"id": "921"}
		],
		"stitch": [
			{"id": "924"}
		]
	},
	{
		"id": "924",
		"conflict_degree":5,
		"stitch_degree":2,
		"conflict": [
			{"id": "921"},
			{"id": "922"},
			{"id": "948"},
			{"id": "950"},
			{"id": "954"}
		],
		"stitch": [
			{"id": "923"},
			{"id": "925"}
		]
	},
	{
		"id": "925",
		"conflict_degree":4,
		"stitch_degree":5,
		"conflict": [
			{"id": "930"},
			{"id": "953"},
			{"id": "954"},
			{"id": "955"}
		],
		"stitch": [
			{"id": "924"},
			{"id": "926"},
			{"id": "927"},
			{"id": "928"},
			{"id": "929"}
		]
	},
	{
		"id": "926",
		"conflict_degree":3,
		"stitch_degree":2,
		"conflict": [
			{"id": "930"},
			{"id": "932"},
			{"id": "953"}
		],
		"stitch": [
			{"id": "925"},
			{"id": "927"}
		]
	},
	{
		"id": "927",
		"conflict_degree":5,
		"stitch_degree":2,
		"conflict": [
			{"id": "930"},
			{"id": "931"},
			{"id": "948"},
			{"id": "949"},
			{"id": "953"}
		],
		"stitch": [
			{"id": "925"},
			{"id": "926"}
		]
	},
	{
		"id": "928",
		"conflict_degree":2,
		"stitch_degree":1,
		"conflict": [
			{"id": "953"},
			{"id": "954"}
		],
		"stitch": [
			{"id": "925"}
		]
	},
	{
		"id": "929",
		"conflict_degree":2,
		"stitch_degree":1,
		"conflict": [
			{"id": "954"},
			{"id": "955"}
		],
		"stitch": [
			{"id": "925"}
		]
	},
	{
		"id": "930",
		"conflict_degree":5,
		"stitch_degree":2,
		"conflict": [
			{"id": "925"},
			{"id": "926"},
			{"id": "927"},
			{"id": "947"},
			{"id": "949"}
		],
		"stitch": [
			{"id": "931"},
			{"id": "932"}
		]
	},
	{
		"id": "931",
		"conflict_degree":5,
		"stitch_degree":1,
		"conflict": [
			{"id": "927"},
			{"id": "947"},
			{"id": "949"},
			{"id": "951"},
			{"id": "952"}
		],
		"stitch": [
			{"id": "930"}
		]
	},
	{
		"id": "932",
		"conflict_degree":2,
		"stitch_degree":2,
		"conflict": [
			{"id": "926"},
			{"id": "944"}
		],
		"stitch": [
			{"id": "930"},
			{"id": "933"}
		]
	},
	{
		"id": "933",
		"conflict_degree":2,
		"stitch_degree":1,
		"conflict": [
			{"id": "934"},
			{"id": "944"}
		],
		"stitch": [
			{"id": "932"}
		]
	},
	{
		"id": "946",
		"conflict_degree":4,
		"stitch_degree":1,
		"conflict": [
			{"id": "948"},
			{"id": "949"},
			{"id": "950"},
			{"id": "951"}
		],
		"stitch": [
			{"id": "947"}
		]
	},
	{
		"id": "947",
		"conflict_degree":6,
		"stitch_degree":1,
		"conflict": [
			{"id": "930"},
			{"id": "931"},
			{"id": "948"},
			{"id": "949"},
			{"id": "950"},
			{"id": "951"}
		],
		"stitch": [
			{"id": "946"}
		]
	},
	{
		"id": "948",
		"conflict_degree":4,
		"stitch_degree":1,
		"conflict": [
			{"id": "924"},
			{"id": "927"},
			{"id": "946"},
			{"id": "947"}
		],
		"stitch": [
			{"id": "949"}
		]
	},
	{
		"id": "949",
		"conflict_degree":5,
		"stitch_degree":1,
		"conflict": [
			{"id": "927"},
			{"id": "930"},
			{"id": "931"},
			{"id": "946"},
			{"id": "947"}
		],
		"stitch": [
			{"id": "948"}
		]
	},
	{
		"id": "950",
		"conflict_degree":3,
		"stitch_degree":1,
		"conflict": [
			{"id": "924"},
			{"id": "946"},
			{"id": "947"}
		],
		"stitch": [
			{"id": "951"}
		]
	},
	{
		"id": "951",
		"conflict_degree":3,
		"stitch_degree":1,
		"conflict": [
			{"id": "931"},
			{"id": "946"},
			{"id": "947"}
		],
		"stitch": [
			{"id": "950"}
		]
	},
	{
		"id": "1560",
		"conflict_degree":2,
		"stitch_degree":1,
		"conflict": [
			{"id": "1559"},
			{"id": "1591"}
		],
		"stitch": [
			{"id": "1561"}
		]
	},
	{
		"id": "1561",
		"conflict_degree":2,
		"stitch_degree":2,
		"conflict": [
			{"id": "1566"},
			{"id": "1591"}
		],
		"stitch": [
			{"id": "1560"},
			{"id": "1562"}
		]
	},
	{
		"id": "1562",
		"conflict_degree":1,
		"stitch_degree":2,
		"conflict": [
			{"id": "1566"}
		],
		"stitch": [
			{"id": "1561"},
			{"id": "1563"}
		]
	},
	{
		"id": "1563",
		"conflict_degree":3,
		"stitch_degree":2,
		"conflict": [
			{"id": "1588"},
			{"id": "1589"},
			{"id": "1590"}
		],
		"stitch": [
			{"id": "1562"},
			{"id": "1564"}
		]
	},
	{
		"id": "1564",
		"conflict_degree":2,
		"stitch_degree":2,
		"conflict": [
			{"id": "1567"},
			{"id": "1590"}
		],
		"stitch": [
			{"id": "1563"},
			{"id": "1565"}
		]
	},
	{
		"id": "1565",
		"conflict_degree":3,
		"stitch_degree":1,
		"conflict": [
			{"id": "1567"},
			{"id": "1568"},
			{"id": "1590"}
		],
		"stitch": [
			{"id": "1564"}
		]
	},
	{
		"id": "1568",
		"conflict_degree":3,
		"stitch_degree":1,
		"conflict": [
			{"id": "1565"},
			{"id": "1567"},
			{"id": "1589"}
		],
		"stitch": [
			{"id": "1569"}
		]
	},
	{
		"id": "1569",
		"conflict_degree":2,
		"stitch_degree":2,
		"conflict": [
			{"id": "1567"},
			{"id": "1589"}
		],
		"stitch": [
			{"id": "1568"},
			{"id": "1570"}
		]
	},
	{
		"id": "1570",
		"conflict_degree":4,
		"stitch_degree":1,
		"conflict": [
			{"id": "1571"},
			{"id": "1572"},
			{"id": "1587"},
			{"id": "1588"}
		],
		"stitch": [
			{"id": "1569"}
		]
	},
	{
		"id": "1588",
		"conflict_degree":3,
		"stitch_degree":0,
		"conflict": [
			{"id": "1563"},
			{"id": "1570"},
			{"id": "1589"}
		],
		"stitch": []
	},
	{
		"id": "1589",
		"conflict_degree":4,
		"stitch_degree":0,
		"conflict": [
			{"id": "1563"},
			{"id": "1568"},
			{"id": "1569"},
			{"id": "1588"}
		],
		"stitch": []
	},
	{
		"id": "2371",
		"conflict_degree":1,
		"stitch_degree":1,
		"conflict": [
			{"id": "2387"}
		],
		"stitch": [
			{"id": "2372"}
		]
	},
	{
		"id": "2372",
		"conflict_degree":1,
		"stitch_degree":2,
		"conflict": [
			{"id": "2387"}
		],
		"stitch": [
			{"id": "2371"},
			{"id": "2373"}
		]
	},
	{
		"id": "2373",
		"conflict_degree":6,
		"stitch_degree":1,
		"conflict": [
			{"id": "2370"},
			{"id": "2374"},
			{"id": "2375"},
			{"id": "2378"},
			{"id": "2379"},
			{"id": "2386"}
		],
		"stitch": [
			{"id": "2372"}
		]
	},
	{
		"id": "2375",
		"conflict_degree":2,
		"stitch_degree":1,
		"conflict": [
			{"id": "2373"},
			{"id": "2378"}
		],
		"stitch": [
			{"id": "2376"}
		]
	},
	{
		"id": "2376",
		"conflict_degree":2,
		"stitch_degree":2,
		"conflict": [
			{"id": "2378"},
			{"id": "2382"}
		],
		"stitch": [
			{"id": "2375"},
			{"id": "2377"}
		]
	},
	{
		"id": "2377",
		"conflict_degree":1,
		"stitch_degree":1,
		"conflict": [
			{"id": "2382"}
		],
		"stitch": [
			{"id": "2376"}
		]
	},
	{
		"id": "2378",
		"conflict_degree":4,
		"stitch_degree":0,
		"conflict": [
			{"id": "2373"},
			{"id": "2375"},
			{"id": "2376"},
			{"id": "2379"}
		],
		"stitch": []
	},
	{
		"id": "2379",
		"conflict_degree":2,
		"stitch_degree":1,
		"conflict": [
			{"id": "2373"},
			{"id": "2378"}
		],
		"stitch": [
			{"id": "2380"}
		]
	},
	{
		"id": "2380",
		"conflict_degree":0,
		"stitch_degree":2,
		"conflict": [],
		"stitch": [
			{"id": "2379"},
			{"id": "2381"}
		]
	},
	{
		"id": "2381",
		"conflict_degree":1,
		"stitch_degree":2,
		"conflict": [
			{"id": "2383"}
		],
		"stitch": [
			{"id": "2380"},
			{"id": "2382"}
		]
	},
	{
		"id": "2382",
		"conflict_degree":5,
		"stitch_degree":1,
		"conflict": [
			{"id": "2376"},
			{"id": "2377"},
			{"id": "2383"},
			{"id": "2384"},
			{"id": "2385"}
		],
		"stitch": [
			{"id": "2381"}
		]
	},
	{
		"id": "2716",
		"conflict_degree":1,
		"stitch_degree":1,
		"conflict": [
			{"id": "2715"}
		],
		"stitch": [
			{"id": "2717"}
		]
	},
	{
		"id": "2717",
		"conflict_degree":1,
		"stitch_degree":2,
		"conflict": [
			{"id": "2722"}
		],
		"stitch": [
			{"id": "2716"},
			{"id": "2718"}
		]
	},
	{
		"id": "2718",
		"conflict_degree":7,
		"stitch_degree":1,
		"conflict": [
			{"id": "2719"},
			{"id": "2722"},
			{"id": "2723"},
			{"id": "2737"},
			{"id": "2738"},
			{"id": "2740"},
			{"id": "2741"}
		],
		"stitch": [
			{"id": "2717"}
		]
	},
	{
		"id": "2719",
		"conflict_degree":4,
		"stitch_degree":1,
		"conflict": [
			{"id": "2718"},
			{"id": "2722"},
			{"id": "2723"},
			{"id": "2724"}
		],
		"stitch": [
			{"id": "2720"}
		]
	},
	{
		"id": "2720",
		"conflict_degree":4,
		"stitch_degree":2,
		"conflict": [
			{"id": "2722"},
			{"id": "2723"},
			{"id": "2724"},
			{"id": "2725"}
		],
		"stitch": [
			{"id": "2719"},
			{"id": "2721"}
		]
	},
	{
		"id": "2721",
		"conflict_degree":2,
		"stitch_degree":1,
		"conflict": [
			{"id": "2724"},
			{"id": "2725"}
		],
		"stitch": [
			{"id": "2720"}
		]
	},
	{
		"id": "2723",
		"conflict_degree":6,
		"stitch_degree":0,
		"conflict": [
			{"id": "2718"},
			{"id": "2719"},
			{"id": "2720"},
			{"id": "2724"},
			{"id": "2737"},
			{"id": "2738"}
		],
		"stitch": []
	},
	{
		"id": "2724",
		"conflict_degree":7,
		"stitch_degree":1,
		"conflict": [
			{"id": "2719"},
			{"id": "2720"},
			{"id": "2721"},
			{"id": "2723"},
			{"id": "2726"},
			{"id": "2738"},
			{"id": "2739"}
		],
		"stitch": [
			{"id": "2725"}
		]
	},
	{
		"id": "2725",
		"conflict_degree":5,
		"stitch_degree":1,
		"conflict": [
			{"id": "2720"},
			{"id": "2721"},
			{"id": "2726"},
			{"id": "2738"},
			{"id": "2739"}
		],
		"stitch": [
			{"id": "2724"}
		]
	},
	{
		"id": "2737",
		"conflict_degree":2,
		"stitch_degree":1,
		"conflict": [
			{"id": "2718"},
			{"id": "2723"}
		],
		"stitch": [
			{"id": "2738"}
		]
	},
	{
		"id": "2738",
		"conflict_degree":5,
		"stitch_degree":2,
		"conflict": [
			{"id": "2718"},
			{"id": "2723"},
			{"id": "2724"},
			{"id": "2725"},
			{"id": "2726"}
		],
		"stitch": [
			{"id": "2737"},
			{"id": "2739"}
		]
	},
	{
		"id": "2739",
		"conflict_degree":3,
		"stitch_degree":1,
		"conflict": [
			{"id": "2724"},
			{"id": "2725"},
			{"id": "2726"}
		],
		"stitch": [
			{"id": "2738"}
		]
	},
	{
		"id": "3454",
		"conflict_degree":5,
		"stitch_degree":1,
		"conflict": [
			{"id": "3453"},
			{"id": "3495"},
			{"id": "3496"},
			{"id": "3497"},
			{"id": "3498"}
		],
		"stitch": [
			{"id": "3455"}
		]
	},
	{
		"id": "3455",
		"conflict_degree":2,
		"stitch_degree":2,
		"conflict": [
			{"id": "3457"},
			{"id": "3494"}
		],
		"stitch": [
			{"id": "3454"},
			{"id": "3456"}
		]
	},
	{
		"id": "3456",
		"conflict_degree":2,
		"stitch_degree":1,
		"conflict": [
			{"id": "3457"},
			{"id": "3494"}
		],
		"stitch": [
			{"id": "3455"}
		]
	},
	{
		"id": "3457",
		"conflict_degree":2,
		"stitch_degree":1,
		"conflict": [
			{"id": "3455"},
			{"id": "3456"}
		],
		"stitch": [
			{"id": "3458"}
		]
	},
	{
		"id": "3458",
		"conflict_degree":4,
		"stitch_degree":3,
		"conflict": [
			{"id": "3490"},
			{"id": "3493"},
			{"id": "3494"},
			{"id": "3495"}
		],
		"stitch": [
			{"id": "3457"},
			{"id": "3459"},
			{"id": "3460"}
		]
	},
	{
		"id": "3459",
		"conflict_degree":1,
		"stitch_degree":1,
		"conflict": [
			{"id": "3465"}
		],
		"stitch": [
			{"id": "3458"}
		]
	},
	{
		"id": "3460",
		"conflict_degree":5,
		"stitch_degree":4,
		"conflict": [
			{"id": "3464"},
			{"id": "3490"},
			{"id": "3492"},
			{"id": "3493"},
			{"id": "3495"}
		],
		"stitch": [
			{"id": "3458"},
			{"id": "3461"},
			{"id": "3462"},
			{"id": "3463"}
		]
	},
	{
		"id": "3461",
		"conflict_degree":2,
		"stitch_degree":1,
		"conflict": [
			{"id": "3464"},
			{"id": "3493"}
		],
		"stitch": [
			{"id": "3460"}
		]
	},
	{
		"id": "3462",
		"conflict_degree":2,
		"stitch_degree":1,
		"conflict": [
			{"id": "3492"},
			{"id": "3493"}
		],
		"stitch": [
			{"id": "3460"}
		]
	},
	{
		"id": "3463",
		"conflict_degree":1,
		"stitch_degree":1,
		"conflict": [
			{"id": "3492"}
		],
		"stitch": [
			{"id": "3460"}
		]
	},
	{
		"id": "3494",
		"conflict_degree":4,
		"stitch_degree":0,
		"conflict": [
			{"id": "3455"},
			{"id": "3456"},
			{"id": "3458"},
			{"id": "3495"}
		],
		"stitch": []
	},
	{
		"id": "3495",
		"conflict_degree":4,
		"stitch_degree":0,
		"conflict": [
			{"id": "3454"},
			{"id": "3458"},
			{"id": "3460"},
			{"id": "3494"}
		],
		"stitch": []
	},
	{
		"id": "3547",
		"conflict_degree":5,
		"stitch_degree":1,
		"conflict": [
			{"id": "3546"},
			{"id": "3550"},
			{"id": "3582"},
			{"id": "3583"},
			{"id": "3584"}
		],
		"stitch": [
			{"id": "3548"}
		]
	},
	{
		"id": "3548",
		"conflict_degree":2,
		"stitch_degree":2,
		"conflict": [
			{"id": "3546"},
			{"id": "3581"}
		],
		"stitch": [
			{"id": "3547"},
			{"id": "3549"}
		]
	},
	{
		"id": "3549",
		"conflict_degree":3,
		"stitch_degree":1,
		"conflict": [
			{"id": "3553"},
			{"id": "3554"},
			{"id": "3581"}
		],
		"stitch": [
			{"id": "3548"}
		]
	},
	{
		"id": "3550",
		"conflict_degree":4,
		"stitch_degree":0,
		"conflict": [
			{"id": "3547"},
			{"id": "3551"},
			{"id": "3552"},
			{"id": "3581"}
		],
		"stitch": []
	},
	{
		"id": "3551",
		"conflict_degree":1,
		"stitch_degree":1,
		"conflict": [
			{"id": "3550"}
		],
		"stitch": [
			{"id": "3552"}
		]
	},
	{
		"id": "3552",
		"conflict_degree":2,
		"stitch_degree":2,
		"conflict": [
			{"id": "3550"},
			{"id": "3576"}
		],
		"stitch": [
			{"id": "3551"},
			{"id": "3553"}
		]
	},
	{
		"id": "3553",
		"conflict_degree":6,
		"stitch_degree":3,
		"conflict": [
			{"id": "3549"},
			{"id": "3576"},
			{"id": "3577"},
			{"id": "3578"},
			{"id": "3580"},
			{"id": "3581"}
		],
		"stitch": [
			{"id": "3552"},
			{"id": "3554"},
			{"id": "3556"}
		]
	},
	{
		"id": "3554",
		"conflict_degree":4,
		"stitch_degree":2,
		"conflict": [
			{"id": "3549"},
			{"id": "3577"},
			{"id": "3579"},
			{"id": "3580"}
		],
		"stitch": [
			{"id": "3553"},
			{"id": "3555"}
		]
	},
	{
		"id": "3555",
		"conflict_degree":2,
		"stitch_degree":1,
		"conflict": [
			{"id": "3579"},
			{"id": "3580"}
		],
		"stitch": [
			{"id": "3554"}
		]
	},
	{
		"id": "3556",
		"conflict_degree":1,
		"stitch_degree":1,
		"conflict": [
			{"id": "3557"}
		],
		"stitch": [
			{"id": "3553"}
		]
	},
	{
		"id": "3581",
		"conflict_degree":4,
		"stitch_degree":0,
		"conflict": [
			{"id": "3548"},
			{"id": "3549"},
			{"id": "3550"},
			{"id": "3553"}
		],
		"stitch": []
	},
	{
		"id": "4577",
		"conflict_degree":1,
		"stitch_degree":1,
		"conflict": [
			{"id": "4575"}
		],
		"stitch": [
			{"id": "4578"}
		]
	},
	{
		"id": "4578",
		"conflict_degree":1,
		"stitch_degree":2,
		"conflict": [
			{"id": "4597"}
		],
		"stitch": [
			{"id": "4577"},
			{"id": "4579"}
		]
	},
	{
		"id": "4579",
		"conflict_degree":5,
		"stitch_degree":2,
		"conflict": [
			{"id": "4576"},
			{"id": "4581"},
			{"id": "4593"},
			{"id": "4595"},
			{"id": "4597"}
		],
		"stitch": [
			{"id": "4578"},
			{"id": "4580"}
		]
	},
	{
		"id": "4580",
		"conflict_degree":4,
		"stitch_degree":1,
		"conflict": [
			{"id": "4576"},
			{"id": "4581"},
			{"id": "4582"},
			{"id": "4595"}
		],
		"stitch": [
			{"id": "4579"}
		]
	},
	{
		"id": "4581",
		"conflict_degree":5,
		"stitch_degree":1,
		"conflict": [
			{"id": "4579"},
			{"id": "4580"},
			{"id": "4591"},
			{"id": "4595"},
			{"id": "4596"}
		],
		"stitch": [
			{"id": "4582"}
		]
	},
	{
		"id": "4582",
		"conflict_degree":4,
		"stitch_degree":4,
		"conflict": [
			{"id": "4580"},
			{"id": "4589"},
			{"id": "4590"},
			{"id": "4591"}
		],
		"stitch": [
			{"id": "4581"},
			{"id": "4583"},
			{"id": "4584"},
			{"id": "4585"}
		]
	},
	{
		"id": "4583",
		"conflict_degree":2,
		"stitch_degree":1,
		"conflict": [
			{"id": "4589"},
			{"id": "4591"}
		],
		"stitch": [
			{"id": "4582"}
		]
	},
	{
		"id": "4584",
		"conflict_degree":2,
		"stitch_degree":1,
		"conflict": [
			{"id": "4589"},
			{"id": "4590"}
		],
		"stitch": [
			{"id": "4582"}
		]
	},
	{
		"id": "4585",
		"conflict_degree":5,
		"stitch_degree":2,
		"conflict": [
			{"id": "4587"},
			{"id": "4589"},
			{"id": "4592"},
			{"id": "4594"},
			{"id": "4596"}
		],
		"stitch": [
			{"id": "4582"},
			{"id": "4586"}
		]
	},
	{
		"id": "4586",
		"conflict_degree":0,
		"stitch_degree":1,
		"conflict": [],
		"stitch": [
			{"id": "4585"}
		]
	},
	{
		"id": "4592",
		"conflict_degree":5,
		"stitch_degree":0,
		"conflict": [
			{"id": "4585"},
			{"id": "4593"},
			{"id": "4594"},
			{"id": "4595"},
			{"id": "4596"}
		],
		"stitch": []
	},
	{
		"id": "4593",
		"conflict_degree":2,
		"stitch_degree":1,
		"conflict": [
			{"id": "4579"},
			{"id": "4592"}
		],
		"stitch": [
			{"id": "4594"}
		]
	},
	{
		"id": "4594",
		"conflict_degree":2,
		"stitch_degree":1,
		"conflict": [
			{"id": "4585"},
			{"id": "4592"}
		],
		"stitch": [
			{"id": "4593"}
		]
	},
	{
		"id": "4595",
		"conflict_degree":4,
		"stitch_degree":1,
		"conflict": [
			{"id": "4579"},
			{"id": "4580"},
			{"id": "4581"},
			{"id": "4592"}
		],
		"stitch": [
			{"id": "4596"}
		]
	},
	{
		"id": "4596",
		"conflict_degree":3,
		"stitch_degree":1,
		"conflict": [
			{"id": "4581"},
			{"id": "4585"},
			{"id": "4592"}
		],
		"stitch": [
			{"id": "4595"}
		]
	},
	{
		"id": "4953",
		"conflict_degree":4,
		"stitch_degree":1,
		"conflict": [
			{"id": "4957"},
			{"id": "4959"},
			{"id": "4961"},
			{"id": "4962"}
		],
		"stitch": [
			{"id": "4954"}
		]
	},
	{
		"id": "4954",
		"conflict_degree":5,
		"stitch_degree":1,
		"conflict": [
			{"id": "4955"},
			{"id": "4957"},
			{"id": "4959"},
			{"id": "4961"},
			{"id": "5023"}
		],
		"stitch": [
			{"id": "4953"}
		]
	},
	{
		"id": "4955",
		"conflict_degree":3,
		"stitch_degree":1,
		"conflict": [
			{"id": "4954"},
			{"id": "4957"},
			{"id": "4958"}
		],
		"stitch": [
			{"id": "4956"}
		]
	},
	{
		"id": "4956",
		"conflict_degree":3,
		"stitch_degree":1,
		"conflict": [
			{"id": "4957"},
			{"id": "4958"},
			{"id": "4963"}
		],
		"stitch": [
			{"id": "4955"}
		]
	},
	{
		"id": "4957",
		"conflict_degree":6,
		"stitch_degree":1,
		"conflict": [
			{"id": "4953"},
			{"id": "4954"},
			{"id": "4955"},
			{"id": "4956"},
			{"id": "4959"},
			{"id": "4960"}
		],
		"stitch": [
			{"id": "4958"}
		]
	},
	{
		"id": "4958",
		"conflict_degree":4,
		"stitch_degree":1,
		"conflict": [
			{"id": "4955"},
			{"id": "4956"},
			{"id": "4959"},
			{"id": "4960"}
		],
		"stitch": [
			{"id": "4957"}
		]
	},
	{
		"id": "4959",
		"conflict_degree":5,
		"stitch_degree":1,
		"conflict": [
			{"id": "4953"},
			{"id": "4954"},
			{"id": "4957"},
			{"id": "4958"},
			{"id": "4961"}
		],
		"stitch": [
			{"id": "4960"}
		]
	},
	{
		"id": "4960",
		"conflict_degree":4,
		"stitch_degree":1,
		"conflict": [
			{"id": "4957"},
			{"id": "4958"},
			{"id": "4961"},
			{"id": "4963"}
		],
		"stitch": [
			{"id": "4959"}
		]
	},
	{
		"id": "4961",
		"conflict_degree":5,
		"stitch_degree":1,
		"conflict": [
			{"id": "4953"},
			{"id": "4954"},
			{"id": "4959"},
			{"id": "4960"},
			{"id": "5020"}
		],
		"stitch": [
			{"id": "4962"}
		]
	},
	{
		"id": "4962",
		"conflict_degree":4,
		"stitch_degree":4,
		"conflict": [
			{"id": "4953"},
			{"id": "5020"},
			{"id": "5021"},
			{"id": "5022"}
		],
		"stitch": [
			{"id": "4961"},
			{"id": "4963"},
			{"id": "4965"},
			{"id": "4966"}
		]
	},
	{
		"id": "4963",
		"conflict_degree":5,
		"stitch_degree":2,
		"conflict": [
			{"id": "4956"},
			{"id": "4960"},
			{"id": "4967"},
			{"id": "5019"},
			{"id": "5022"}
		],
		"stitch": [
			{"id": "4962"},
			{"id": "4964"}
		]
	},
	{
		"id": "4964",
		"conflict_degree":0,
		"stitch_degree":1,
		"conflict": [],
		"stitch": [
			{"id": "4963"}
		]
	},
	{
		"id": "4965",
		"conflict_degree":2,
		"stitch_degree":1,
		"conflict": [
			{"id": "5020"},
			{"id": "5022"}
		],
		"stitch": [
			{"id": "4962"}
		]
	},
	{
		"id": "4966",
		"conflict_degree":2,
		"stitch_degree":1,
		"conflict": [
			{"id": "5021"},
			{"id": "5022"}
		],
		"stitch": [
			{"id": "4962"}
		]
	},
	{
		"id": "4975",
		"conflict_degree":0,
		"stitch_degree":1,
		"conflict": [],
		"stitch": [
			{"id": "4976"}
		]
	},
	{
		"id": "4976",
		"conflict_degree":4,
		"stitch_degree":2,
		"conflict": [
			{"id": "4974"},
			{"id": "5005"},
			{"id": "5009"},
			{"id": "5011"}
		],
		"stitch": [
			{"id": "4975"},
			{"id": "4977"}
		]
	},
	{
		"id": "4977",
		"conflict_degree":4,
		"stitch_degree":4,
		"conflict": [
			{"id": "4981"},
			{"id": "5011"},
			{"id": "5012"},
			{"id": "5013"}
		],
		"stitch": [
			{"id": "4976"},
			{"id": "4978"},
			{"id": "4979"},
			{"id": "4980"}
		]
	},
	{
		"id": "4978",
		"conflict_degree":2,
		"stitch_degree":1,
		"conflict": [
			{"id": "5011"},
			{"id": "5013"}
		],
		"stitch": [
			{"id": "4977"}
		]
	},
	{
		"id": "4979",
		"conflict_degree":2,
		"stitch_degree":1,
		"conflict": [
			{"id": "5011"},
			{"id": "5012"}
		],
		"stitch": [
			{"id": "4977"}
		]
	},
	{
		"id": "4980",
		"conflict_degree":5,
		"stitch_degree":1,
		"conflict": [
			{"id": "4981"},
			{"id": "4982"},
			{"id": "5009"},
			{"id": "5010"},
			{"id": "5013"}
		],
		"stitch": [
			{"id": "4977"}
		]
	},
	{
		"id": "4981",
		"conflict_degree":5,
		"stitch_degree":2,
		"conflict": [
			{"id": "4977"},
			{"id": "4980"},
			{"id": "4984"},
			{"id": "5008"},
			{"id": "5010"}
		],
		"stitch": [
			{"id": "4982"},
			{"id": "4983"}
		]
	},
	{
		"id": "4982",
		"conflict_degree":5,
		"stitch_degree":1,
		"conflict": [
			{"id": "4980"},
			{"id": "5004"},
			{"id": "5006"},
			{"id": "5008"},
			{"id": "5010"}
		],
		"stitch": [
			{"id": "4981"}
		]
	},
	{
		"id": "4983",
		"conflict_degree":1,
		"stitch_degree":1,
		"conflict": [
			{"id": "4984"}
		],
		"stitch": [
			{"id": "4981"}
		]
	},
	{
		"id": "5005",
		"conflict_degree":3,
		"stitch_degree":1,
		"conflict": [
			{"id": "4976"},
			{"id": "5007"},
			{"id": "5008"}
		],
		"stitch": [
			{"id": "5006"}
		]
	},
	{
		"id": "5006",
		"conflict_degree":3,
		"stitch_degree":1,
		"conflict": [
			{"id": "4982"},
			{"id": "5007"},
			{"id": "5008"}
		],
		"stitch": [
			{"id": "5005"}
		]
	},
	{
		"id": "5007",
		"conflict_degree":4,
		"stitch_degree":1,
		"conflict": [
			{"id": "5005"},
			{"id": "5006"},
			{"id": "5009"},
			{"id": "5010"}
		],
		"stitch": [
			{"id": "5008"}
		]
	},
	{
		"id": "5008",
		"conflict_degree":6,
		"stitch_degree":1,
		"conflict": [
			{"id": "4981"},
			{"id": "4982"},
			{"id": "5005"},
			{"id": "5006"},
			{"id": "5009"},
			{"id": "5010"}
		],
		"stitch": [
			{"id": "5007"}
		]
	},
	{
		"id": "5009",
		"conflict_degree":4,
		"stitch_degree":1,
		"conflict": [
			{"id": "4976"},
			{"id": "4980"},
			{"id": "5007"},
			{"id": "5008"}
		],
		"stitch": [
			{"id": "5010"}
		]
	},
	{
		"id": "5010",
		"conflict_degree":5,
		"stitch_degree":1,
		"conflict": [
			{"id": "4980"},
			{"id": "4981"},
			{"id": "4982"},
			{"id": "5007"},
			{"id": "5008"}
		],
		"stitch": [
			{"id": "5009"}
		]
	},
	{
		"id": "5056",
		"conflict_degree":2,
		"stitch_degree":1,
		"conflict": [
			{"id": "5055"},
			{"id": "5075"}
		],
		"stitch": [
			{"id": "5057"}
		]
	},
	{
		"id": "5057",
		"conflict_degree":1,
		"stitch_degree":2,
		"conflict": [
			{"id": "5075"}
		],
		"stitch": [
			{"id": "5056"},
			{"id": "5058"}
		]
	},
	{
		"id": "5058",
		"conflict_degree":2,
		"stitch_degree":2,
		"conflict": [
			{"id": "5072"},
			{"id": "5075"}
		],
		"stitch": [
			{"id": "5057"},
			{"id": "5059"}
		]
	},
	{
		"id": "5059",
		"conflict_degree":3,
		"stitch_degree":2,
		"conflict": [
			{"id": "5065"},
			{"id": "5072"},
			{"id": "5074"}
		],
		"stitch": [
			{"id": "5058"},
			{"id": "5060"}
		]
	},
	{
		"id": "5060",
		"conflict_degree":4,
		"stitch_degree":1,
		"conflict": [
			{"id": "5062"},
			{"id": "5063"},
			{"id": "5073"},
			{"id": "5074"}
		],
		"stitch": [
			{"id": "5059"}
		]
	},
	{
		"id": "5061",
		"conflict_degree":1,
		"stitch_degree":1,
		"conflict": [
			{"id": "5072"}
		],
		"stitch": [
			{"id": "5062"}
		]
	},
	{
		"id": "5062",
		"conflict_degree":3,
		"stitch_degree":2,
		"conflict": [
			{"id": "5060"},
			{"id": "5072"},
			{"id": "5073"}
		],
		"stitch": [
			{"id": "5061"},
			{"id": "5063"}
		]
	},
	{
		"id": "5063",
		"conflict_degree":3,
		"stitch_degree":2,
		"conflict": [
			{"id": "5060"},
			{"id": "5067"},
			{"id": "5073"}
		],
		"stitch": [
			{"id": "5062"},
			{"id": "5064"}
		]
	},
	{
		"id": "5064",
		"conflict_degree":2,
		"stitch_degree":1,
		"conflict": [
			{"id": "5067"},
			{"id": "5073"}
		],
		"stitch": [
			{"id": "5063"}
		]
	},
	{
		"id": "5065",
		"conflict_degree":3,
		"stitch_degree":1,
		"conflict": [
			{"id": "5059"},
			{"id": "5070"},
			{"id": "5072"}
		],
		"stitch": [
			{"id": "5066"}
		]
	},
	{
		"id": "5066",
		"conflict_degree":2,
		"stitch_degree":2,
		"conflict": [
			{"id": "5070"},
			{"id": "5072"}
		],
		"stitch": [
			{"id": "5065"},
			{"id": "5067"}
		]
	},
	{
		"id": "5067",
		"conflict_degree":6,
		"stitch_degree":1,
		"conflict": [
			{"id": "5063"},
			{"id": "5064"},
			{"id": "5068"},
			{"id": "5069"},
			{"id": "5071"},
			{"id": "5072"}
		],
		"stitch": [
			{"id": "5066"}
		]
	},
	{
		"id": "5072",
		"conflict_degree":7,
		"stitch_degree":0,
		"conflict": [
			{"id": "5058"},
			{"id": "5059"},
			{"id": "5061"},
			{"id": "5062"},
			{"id": "5065"},
			{"id": "5066"},
			{"id": "5067"}
		],
		"stitch": []
	},
	{
		"id": "5295",
		"conflict_degree":1,
		"stitch_degree":1,
		"conflict": [
			{"id": "5293"}
		],
		"stitch": [
			{"id": "5296"}
		]
	},
	{
		"id": "5296",
		"conflict_degree":6,
		"stitch_degree":3,
		"conflict": [
			{"id": "5294"},
			{"id": "5310"},
			{"id": "5311"},
			{"id": "5313"},
			{"id": "5314"},
			{"id": "5315"}
		],
		"stitch": [
			{"id": "5295"},
			{"id": "5297"},
			{"id": "5299"}
		]
	},
	{
		"id": "5297",
		"conflict_degree":4,
		"stitch_degree":2,
		"conflict": [
			{"id": "5294"},
			{"id": "5311"},
			{"id": "5312"},
			{"id": "5314"}
		],
		"stitch": [
			{"id": "5296"},
			{"id": "5298"}
		]
	},
	{
		"id": "5298",
		"conflict_degree":2,
		"stitch_degree":1,
		"conflict": [
			{"id": "5312"},
			{"id": "5314"}
		],
		"stitch": [
			{"id": "5297"}
		]
	},
	{
		"id": "5299",
		"conflict_degree":3,
		"stitch_degree":2,
		"conflict": [
			{"id": "5301"},
			{"id": "5302"},
			{"id": "5315"}
		],
		"stitch": [
			{"id": "5296"},
			{"id": "5300"}
		]
	},
	{
		"id": "5300",
		"conflict_degree":2,
		"stitch_degree":1,
		"conflict": [
			{"id": "5301"},
			{"id": "5302"}
		],
		"stitch": [
			{"id": "5299"}
		]
	},
	{
		"id": "5301",
		"conflict_degree":3,
		"stitch_degree":1,
		"conflict": [
			{"id": "5299"},
			{"id": "5300"},
			{"id": "5310"}
		],
		"stitch": [
			{"id": "5302"}
		]
	},
	{
		"id": "5302",
		"conflict_degree":3,
		"stitch_degree":2,
		"conflict": [
			{"id": "5299"},
			{"id": "5300"},
			{"id": "5310"}
		],
		"stitch": [
			{"id": "5301"},
			{"id": "5303"}
		]
	},
	{
		"id": "5303",
		"conflict_degree":5,
		"stitch_degree":1,
		"conflict": [
			{"id": "5304"},
			{"id": "5305"},
			{"id": "5307"},
			{"id": "5309"},
			{"id": "5311"}
		],
		"stitch": [
			{"id": "5302"}
		]
	},
	{
		"id": "5310",
		"conflict_degree":4,
		"stitch_degree":0,
		"conflict": [
			{"id": "5296"},
			{"id": "5301"},
			{"id": "5302"},
			{"id": "5311"}
		],
		"stitch": []
	},
	{
		"id": "5311",
		"conflict_degree":4,
		"stitch_degree":0,
		"conflict": [
			{"id": "5296"},
			{"id": "5297"},
			{"id": "5303"},
			{"id": "5310"}
		],
		"stitch": []
	},
	{
		"id": "6670",
		"conflict_degree":2,
		"stitch_degree":1,
		"conflict": [
			{"id": "6669"},
			{"id": "6694"}
		],
		"stitch": [
			{"id": "6671"}
		]
	},
	{
		"id": "6671",
		"conflict_degree":4,
		"stitch_degree":2,
		"conflict": [
			{"id": "6669"},
			{"id": "6694"},
			{"id": "6695"},
			{"id": "6696"}
		],
		"stitch": [
			{"id": "6670"},
			{"id": "6672"}
		]
	},
	{
		"id": "6672",
		"conflict_degree":4,
		"stitch_degree":1,
		"conflict": [
			{"id": "6675"},
			{"id": "6694"},
			{"id": "6695"},
			{"id": "6696"}
		],
		"stitch": [
			{"id": "6671"}
		]
	},
	{
		"id": "6673",
		"conflict_degree":2,
		"stitch_degree":1,
		"conflict": [
			{"id": "6695"},
			{"id": "6696"}
		],
		"stitch": [
			{"id": "6674"}
		]
	},
	{
		"id": "6674",
		"conflict_degree":3,
		"stitch_degree":2,
		"conflict": [
			{"id": "6676"},
			{"id": "6677"},
			{"id": "6696"}
		],
		"stitch": [
			{"id": "6673"},
			{"id": "6675"}
		]
	},
	{
		"id": "6675",
		"conflict_degree":5,
		"stitch_degree":1,
		"conflict": [
			{"id": "6672"},
			{"id": "6676"},
			{"id": "6693"},
			{"id": "6696"},
			{"id": "6697"}
		],
		"stitch": [
			{"id": "6674"}
		]
	},
	{
		"id": "6694",
		"conflict_degree":3,
		"stitch_degree":1,
		"conflict": [
			{"id": "6670"},
			{"id": "6671"},
			{"id": "6672"}
		],
		"stitch": [
			{"id": "6695"}
		]
	},
	{
		"id": "6695",
		"conflict_degree":4,
		"stitch_degree":1,
		"conflict": [
			{"id": "6671"},
			{"id": "6672"},
			{"id": "6673"},
			{"id": "6696"}
		],
		"stitch": [
			{"id": "6694"}
		]
	},
	{
		"id": "6696",
		"conflict_degree":6,
		"stitch_degree":0,
		"conflict": [
			{"id": "6671"},
			{"id": "6672"},
			{"id": "6673"},
			{"id": "6674"},
			{"id": "6675"},
			{"id": "6695"}
		],
		"stitch": []
	},
	{
		"id": "7361",
		"conflict_degree":3,
		"stitch_degree":1,
		"conflict": [
			{"id": "7360"},
			{"id": "7364"},
			{"id": "7365"}
		],
		"stitch": [
			{"id": "7362"}
		]
	},
	{
		"id": "7362",
		"conflict_degree":4,
		"stitch_degree":1,
		"conflict": [
			{"id": "7363"},
			{"id": "7364"},
			{"id": "7365"},
			{"id": "7367"}
		],
		"stitch": [
			{"id": "7361"}
		]
	},
	{
		"id": "7363",
		"conflict_degree":5,
		"stitch_degree":0,
		"conflict": [
			{"id": "7362"},
			{"id": "7365"},
			{"id": "7367"},
			{"id": "7368"},
			{"id": "7369"}
		],
		"stitch": []
	},
	{
		"id": "7364",
		"conflict_degree":2,
		"stitch_degree":1,
		"conflict": [
			{"id": "7361"},
			{"id": "7362"}
		],
		"stitch": [
			{"id": "7365"}
		]
	},
	{
		"id": "7365",
		"conflict_degree":5,
		"stitch_degree":1,
		"conflict": [
			{"id": "7361"},
			{"id": "7362"},
			{"id": "7363"},
			{"id": "7366"},
			{"id": "7369"}
		],
		"stitch": [
			{"id": "7364"}
		]
	},
	{
		"id": "7367",
		"conflict_degree":2,
		"stitch_degree":1,
		"conflict": [
			{"id": "7362"},
			{"id": "7363"}
		],
		"stitch": [
			{"id": "7368"}
		]
	},
	{
		"id": "7368",
		"conflict_degree":3,
		"stitch_degree":2,
		"conflict": [
			{"id": "7363"},
			{"id": "7371"},
			{"id": "7372"}
		],
		"stitch": [
			{"id": "7367"},
			{"id": "7369"}
		]
	},
	{
		"id": "7369",
		"conflict_degree":5,
		"stitch_degree":1,
		"conflict": [
			{"id": "7363"},
			{"id": "7365"},
			{"id": "7366"},
			{"id": "7370"},
			{"id": "7372"}
		],
		"stitch": [
			{"id": "7368"}
		]
	},
	{
		"id": "7401",
		"conflict_degree":1,
		"stitch_degree":1,
		"conflict": [
			{"id": "7400"}
		],
		"stitch": [
			{"id": "7402"}
		]
	},
	{
		"id": "7402",
		"conflict_degree":0,
		"stitch_degree":2,
		"conflict": [],
		"stitch": [
			{"id": "7401"},
			{"id": "7403"}
		]
	},
	{
		"id": "7403",
		"conflict_degree":4,
		"stitch_degree":2,
		"conflict": [
			{"id": "7405"},
			{"id": "7406"},
			{"id": "7435"},
			{"id": "7436"}
		],
		"stitch": [
			{"id": "7402"},
			{"id": "7404"}
		]
	},
	{
		"id": "7404",
		"conflict_degree":4,
		"stitch_degree":1,
		"conflict": [
			{"id": "7432"},
			{"id": "7433"},
			{"id": "7434"},
			{"id": "7436"}
		],
		"stitch": [
			{"id": "7403"}
		]
	},
	{
		"id": "7405",
		"conflict_degree":2,
		"stitch_degree":1,
		"conflict": [
			{"id": "7403"},
			{"id": "7433"}
		],
		"stitch": [
			{"id": "7406"}
		]
	},
	{
		"id": "7406",
		"conflict_degree":3,
		"stitch_degree":1,
		"conflict": [
			{"id": "7403"},
			{"id": "7408"},
			{"id": "7433"}
		],
		"stitch": [
			{"id": "7405"}
		]
	},
	{
		"id": "7407",
		"conflict_degree":5,
		"stitch_degree":1,
		"conflict": [
			{"id": "7411"},
			{"id": "7430"},
			{"id": "7432"},
			{"id": "7433"},
			{"id": "7434"}
		],
		"stitch": [
			{"id": "7408"}
		]
	},
	{
		"id": "7408",
		"conflict_degree":4,
		"stitch_degree":2,
		"conflict": [
			{"id": "7406"},
			{"id": "7411"},
			{"id": "7430"},
			{"id": "7431"}
		],
		"stitch": [
			{"id": "7407"},
			{"id": "7409"}
		]
	},
	{
		"id": "7409",
		"conflict_degree":2,
		"stitch_degree":1,
		"conflict": [
			{"id": "7410"},
			{"id": "7431"}
		],
		"stitch": [
			{"id": "7408"}
		]
	},
	{
		"id": "7432",
		"conflict_degree":3,
		"stitch_degree":1,
		"conflict": [
			{"id": "7404"},
			{"id": "7407"},
			{"id": "7434"}
		],
		"stitch": [
			{"id": "7433"}
		]
	},
	{
		"id": "7433",
		"conflict_degree":4,
		"stitch_degree":1,
		"conflict": [
			{"id": "7404"},
			{"id": "7405"},
			{"id": "7406"},
			{"id": "7407"}
		],
		"stitch": [
			{"id": "7432"}
		]
	},
	{
		"id": "7434",
		"conflict_degree":3,
		"stitch_degree":0,
		"conflict": [
			{"id": "7404"},
			{"id": "7407"},
			{"id": "7432"}
		],
		"stitch": []
	},
	{
		"id": "7664",
		"conflict_degree":1,
		"stitch_degree":1,
		"conflict": [
			{"id": "7663"}
		],
		"stitch": [
			{"id": "7665"}
		]
	},
	{
		"id": "7665",
		"conflict_degree":4,
		"stitch_degree":3,
		"conflict": [
			{"id": "7695"},
			{"id": "7696"},
			{"id": "7698"},
			{"id": "7700"}
		],
		"stitch": [
			{"id": "7664"},
			{"id": "7666"},
			{"id": "7667"}
		]
	},
	{
		"id": "7666",
		"conflict_degree":2,
		"stitch_degree":1,
		"conflict": [
			{"id": "7671"},
			{"id": "7672"}
		],
		"stitch": [
			{"id": "7665"}
		]
	},
	{
		"id": "7667",
		"conflict_degree":5,
		"stitch_degree":4,
		"conflict": [
			{"id": "7695"},
			{"id": "7697"},
			{"id": "7698"},
			{"id": "7700"},
			{"id": "7701"}
		],
		"stitch": [
			{"id": "7665"},
			{"id": "7668"},
			{"id": "7669"},
			{"id": "7670"}
		]
	},
	{
		"id": "7668",
		"conflict_degree":1,
		"stitch_degree":1,
		"conflict": [
			{"id": "7697"}
		],
		"stitch": [
			{"id": "7667"}
		]
	},
	{
		"id": "7669",
		"conflict_degree":2,
		"stitch_degree":1,
		"conflict": [
			{"id": "7697"},
			{"id": "7700"}
		],
		"stitch": [
			{"id": "7667"}
		]
	},
	{
		"id": "7670",
		"conflict_degree":2,
		"stitch_degree":1,
		"conflict": [
			{"id": "7700"},
			{"id": "7701"}
		],
		"stitch": [
			{"id": "7667"}
		]
	},
	{
		"id": "7671",
		"conflict_degree":2,
		"stitch_degree":1,
		"conflict": [
			{"id": "7666"},
			{"id": "7696"}
		],
		"stitch": [
			{"id": "7672"}
		]
	},
	{
		"id": "7672",
		"conflict_degree":2,
		"stitch_degree":2,
		"conflict": [
			{"id": "7666"},
			{"id": "7696"}
		],
		"stitch": [
			{"id": "7671"},
			{"id": "7673"}
		]
	},
	{
		"id": "7673",
		"conflict_degree":5,
		"stitch_degree":1,
		"conflict": [
			{"id": "7674"},
			{"id": "7692"},
			{"id": "7693"},
			{"id": "7694"},
			{"id": "7695"}
		],
		"stitch": [
			{"id": "7672"}
		]
	},
	{
		"id": "7695",
		"conflict_degree":4,
		"stitch_degree":0,
		"conflict": [
			{"id": "7665"},
			{"id": "7667"},
			{"id": "7673"},
			{"id": "7696"}
		],
		"stitch": []
	},
	{
		"id": "7696",
		"conflict_degree":4,
		"stitch_degree":0,
		"conflict": [
			{"id": "7665"},
			{"id": "7671"},
			{"id": "7672"},
			{"id": "7695"}
		],
		"stitch": []
	},
	{
		"id": "8310",
		"conflict_degree":1,
		"stitch_degree":1,
		"conflict": [
			{"id": "8308"}
		],
		"stitch": [
			{"id": "8311"}
		]
	},
	{
		"id": "8311",
		"conflict_degree":7,
		"stitch_degree":3,
		"conflict": [
			{"id": "8309"},
			{"id": "8318"},
			{"id": "8319"},
			{"id": "8328"},
			{"id": "8329"},
			{"id": "8330"},
			{"id": "8331"}
		],
		"stitch": [
			{"id": "8310"},
			{"id": "8312"},
			{"id": "8314"}
		]
	},
	{
		"id": "8312",
		"conflict_degree":2,
		"stitch_degree":2,
		"conflict": [
			{"id": "8309"},
			{"id": "8317"}
		],
		"stitch": [
			{"id": "8311"},
			{"id": "8313"}
		]
	},
	{
		"id": "8313",
		"conflict_degree":1,
		"stitch_degree":1,
		"conflict": [
			{"id": "8317"}
		],
		"stitch": [
			{"id": "8312"}
		]
	},
	{
		"id": "8314",
		"conflict_degree":5,
		"stitch_degree":2,
		"conflict": [
			{"id": "8316"},
			{"id": "8318"},
			{"id": "8319"},
			{"id": "8329"},
			{"id": "8331"}
		],
		"stitch": [
			{"id": "8311"},
			{"id": "8315"}
		]
	},
	{
		"id": "8315",
		"conflict_degree":2,
		"stitch_degree":1,
		"conflict": [
			{"id": "8316"},
			{"id": "8329"}
		],
		"stitch": [
			{"id": "8314"}
		]
	},
	{
		"id": "8317",
		"conflict_degree":4,
		"stitch_degree":0,
		"conflict": [
			{"id": "8312"},
			{"id": "8313"},
			{"id": "8320"},
			{"id": "8328"}
		],
		"stitch": []
	},
	{
		"id": "8318",
		"conflict_degree":3,
		"stitch_degree":1,
		"conflict": [
			{"id": "8311"},
			{"id": "8314"},
			{"id": "8328"}
		],
		"stitch": [
			{"id": "8319"}
		]
	},
	{
		"id": "8319",
		"conflict_degree":4,
		"stitch_degree":2,
		"conflict": [
			{"id": "8311"},
			{"id": "8314"},
			{"id": "8321"},
			{"id": "8328"}
		],
		"stitch": [
			{"id": "8318"},
			{"id": "8320"}
		]
	},
	{
		"id": "8320",
		"conflict_degree":4,
		"stitch_degree":1,
		"conflict": [
			{"id": "8317"},
			{"id": "8321"},
			{"id": "8325"},
			{"id": "8327"}
		],
		"stitch": [
			{"id": "8319"}
		]
	},
	{
		"id": "8328",
		"conflict_degree":4,
		"stitch_degree":0,
		"conflict": [
			{"id": "8311"},
			{"id": "8317"},
			{"id": "8318"},
			{"id": "8319"}
		],
		"stitch": []
	},
	{
		"id": "9270",
		"conflict_degree":3,
		"stitch_degree":1,
		"conflict": [
			{"id": "9269"},
			{"id": "9338"},
			{"id": "9339"}
		],
		"stitch": [
			{"id": "9271"}
		]
	},
	{
		"id": "9271",
		"conflict_degree":7,
		"stitch_degree":2,
		"conflict": [
			{"id": "9269"},
			{"id": "9273"},
			{"id": "9275"},
			{"id": "9276"},
			{"id": "9338"},
			{"id": "9339"},
			{"id": "9340"}
		],
		"stitch": [
			{"id": "9270"},
			{"id": "9272"}
		]
	},
	{
		"id": "9272",
		"conflict_degree":5,
		"stitch_degree":1,
		"conflict": [
			{"id": "9273"},
			{"id": "9275"},
			{"id": "9276"},
			{"id": "9339"},
			{"id": "9340"}
		],
		"stitch": [
			{"id": "9271"}
		]
	},
	{
		"id": "9273",
		"conflict_degree":8,
		"stitch_degree":1,
		"conflict": [
			{"id": "9271"},
			{"id": "9272"},
			{"id": "9275"},
			{"id": "9276"},
			{"id": "9277"},
			{"id": "9339"},
			{"id": "9340"},
			{"id": "9341"}
		],
		"stitch": [
			{"id": "9274"}
		]
	},
	{
		"id": "9274",
		"conflict_degree":4,
		"stitch_degree":1,
		"conflict": [
			{"id": "9276"},
			{"id": "9277"},
			{"id": "9340"},
			{"id": "9341"}
		],
		"stitch": [
			{"id": "9273"}
		]
	},
	{
		"id": "9275",
		"conflict_degree":4,
		"stitch_degree":1,
		"conflict": [
			{"id": "9268"},
			{"id": "9271"},
			{"id": "9272"},
			{"id": "9273"}
		],
		"stitch": [
			{"id": "9276"}
		]
	},
	{
		"id": "9276",
		"conflict_degree":5,
		"stitch_degree":2,
		"conflict": [
			{"id": "9271"},
			{"id": "9272"},
			{"id": "9273"},
			{"id": "9274"},
			{"id": "9278"}
		],
		"stitch": [
			{"id": "9275"},
			{"id": "9277"}
		]
	},
	{
		"id": "9277",
		"conflict_degree":4,
		"stitch_degree":1,
		"conflict": [
			{"id": "9273"},
			{"id": "9274"},
			{"id": "9278"},
			{"id": "9283"}
		],
		"stitch": [
			{"id": "9276"}
		]
	},
	{
		"id": "9279",
		"conflict_degree":0,
		"stitch_degree":1,
		"conflict": [],
		"stitch": [
			{"id": "9280"}
		]
	},
	{
		"id": "9280",
		"conflict_degree":3,
		"stitch_degree":3,
		"conflict": [
			{"id": "9335"},
			{"id": "9337"},
			{"id": "9341"}
		],
		"stitch": [
			{"id": "9279"},
			{"id": "9281"},
			{"id": "9282"}
		]
	},
	{
		"id": "9281",
		"conflict_degree":1,
		"stitch_degree":1,
		"conflict": [
			{"id": "9285"}
		],
		"stitch": [
			{"id": "9280"}
		]
	},
	{
		"id": "9282",
		"conflict_degree":3,
		"stitch_degree":3,
		"conflict": [
			{"id": "9278"},
			{"id": "9333"},
			{"id": "9337"}
		],
		"stitch": [
			{"id": "9280"},
			{"id": "9283"},
			{"id": "9284"}
		]
	},
	{
		"id": "9283",
		"conflict_degree":3,
		"stitch_degree":1,
		"conflict": [
			{"id": "9277"},
			{"id": "9278"},
			{"id": "9337"}
		],
		"stitch": [
			{"id": "9282"}
		]
	},
	{
		"id": "9284",
		"conflict_degree":2,
		"stitch_degree":1,
		"conflict": [
			{"id": "9333"},
			{"id": "9337"}
		],
		"stitch": [
			{"id": "9282"}
		]
	},
	{
		"id": "9285",
		"conflict_degree":5,
		"stitch_degree":1,
		"conflict": [
			{"id": "9281"},
			{"id": "9327"},
			{"id": "9333"},
			{"id": "9334"},
			{"id": "9336"}
		],
		"stitch": [
			{"id": "9286"}
		]
	},
	{
		"id": "9286",
		"conflict_degree":3,
		"stitch_degree":2,
		"conflict": [
			{"id": "9331"},
			{"id": "9332"},
			{"id": "9336"}
		],
		"stitch": [
			{"id": "9285"},
			{"id": "9287"}
		]
	},
	{
		"id": "9287",
		"conflict_degree":3,
		"stitch_degree":1,
		"conflict": [
			{"id": "9288"},
			{"id": "9331"},
			{"id": "9332"}
		],
		"stitch": [
			{"id": "9286"}
		]
	},
	{
		"id": "9288",
		"conflict_degree":2,
		"stitch_degree":1,
		"conflict": [
			{"id": "9287"},
			{"id": "9332"}
		],
		"stitch": [
			{"id": "9289"}
		]
	},
	{
		"id": "9289",
		"conflict_degree":5,
		"stitch_degree":2,
		"conflict": [
			{"id": "9295"},
			{"id": "9297"},
			{"id": "9326"},
			{"id": "9328"},
			{"id": "9329"}
		],
		"stitch": [
			{"id": "9288"},
			{"id": "9290"}
		]
	},
	{
		"id": "9290",
		"conflict_degree":4,
		"stitch_degree":4,
		"conflict": [
			{"id": "9294"},
			{"id": "9295"},
			{"id": "9296"},
			{"id": "9298"}
		],
		"stitch": [
			{"id": "9289"},
			{"id": "9291"},
			{"id": "9292"},
			{"id": "9293"}
		]
	},
	{
		"id": "9291",
		"conflict_degree":3,
		"stitch_degree":1,
		"conflict": [
			{"id": "9294"},
			{"id": "9297"},
			{"id": "9298"}
		],
		"stitch": [
			{"id": "9290"}
		]
	},
	{
		"id": "9292",
		"conflict_degree":2,
		"stitch_degree":1,
		"conflict": [
			{"id": "9294"},
			{"id": "9295"}
		],
		"stitch": [
			{"id": "9290"}
		]
	},
	{
		"id": "9293",
		"conflict_degree":2,
		"stitch_degree":1,
		"conflict": [
			{"id": "9295"},
			{"id": "9296"}
		],
		"stitch": [
			{"id": "9290"}
		]
	},
	{
		"id": "9327",
		"conflict_degree":2,
		"stitch_degree":1,
		"conflict": [
			{"id": "9285"},
			{"id": "9331"}
		],
		"stitch": [
			{"id": "9328"}
		]
	},
	{
		"id": "9328",
		"conflict_degree":4,
		"stitch_degree":2,
		"conflict": [
			{"id": "9289"},
			{"id": "9330"},
			{"id": "9331"},
			{"id": "9332"}
		],
		"stitch": [
			{"id": "9327"},
			{"id": "9329"}
		]
	},
	{
		"id": "9329",
		"conflict_degree":2,
		"stitch_degree":1,
		"conflict": [
			{"id": "9289"},
			{"id": "9330"}
		],
		"stitch": [
			{"id": "9328"}
		]
	},
	{
		"id": "9331",
		"conflict_degree":4,
		"stitch_degree":1,
		"conflict": [
			{"id": "9286"},
			{"id": "9287"},
			{"id": "9327"},
			{"id": "9328"}
		],
		"stitch": [
			{"id": "9332"}
		]
	},
	{
		"id": "9332",
		"conflict_degree":4,
		"stitch_degree":1,
		"conflict": [
			{"id": "9286"},
			{"id": "9287"},
			{"id": "9288"},
			{"id": "9328"}
		],
		"stitch": [
			{"id": "9331"}
		]
	},
	{
		"id": "9338",
		"conflict_degree":4,
		"stitch_degree":1,
		"conflict": [
			{"id": "9268"},
			{"id": "9270"},
			{"id": "9271"},
			{"id": "9342"}
		],
		"stitch": [
			{"id": "9339"}
		]
	},
	{
		"id": "9339",
		"conflict_degree":4,
		"stitch_degree":2,
		"conflict": [
			{"id": "9270"},
			{"id": "9271"},
			{"id": "9272"},
			{"id": "9273"}
		],
		"stitch": [
			{"id": "9338"},
			{"id": "9340"}
		]
	},
	{
		"id": "9340",
		"conflict_degree":4,
		"stitch_degree":2,
		"conflict": [
			{"id": "9271"},
			{"id": "9272"},
			{"id": "9273"},
			{"id": "9274"}
		],
		"stitch": [
			{"id": "9339"},
			{"id": "9341"}
		]
	},
	{
		"id": "9341",
		"conflict_degree":3,
		"stitch_degree":1,
		"conflict": [
			{"id": "9273"},
			{"id": "9274"},
			{"id": "9280"}
		],
		"stitch": [
			{"id": "9340"}
		]
	},
	{
		"id": "9567",
		"conflict_degree":1,
		"stitch_degree":1,
		"conflict": [
			{"id": "9566"}
		],
		"stitch": [
			{"id": "9568"}
		]
	},
	{
		"id": "9568",
		"conflict_degree":1,
		"stitch_degree":2,
		"conflict": [
			{"id": "9587"}
		],
		"stitch": [
			{"id": "9567"},
			{"id": "9569"}
		]
	},
	{
		"id": "9569",
		"conflict_degree":5,
		"stitch_degree":2,
		"conflict": [
			{"id": "9571"},
			{"id": "9574"},
			{"id": "9576"},
			{"id": "9587"},
			{"id": "9588"}
		],
		"stitch": [
			{"id": "9568"},
			{"id": "9570"}
		]
	},
	{
		"id": "9570",
		"conflict_degree":4,
		"stitch_degree":1,
		"conflict": [
			{"id": "9574"},
			{"id": "9576"},
			{"id": "9577"},
			{"id": "9588"}
		],
		"stitch": [
			{"id": "9569"}
		]
	},
	{
		"id": "9571",
		"conflict_degree":2,
		"stitch_degree":1,
		"conflict": [
			{"id": "9569"},
			{"id": "9573"}
		],
		"stitch": [
			{"id": "9572"}
		]
	},
	{
		"id": "9572",
		"conflict_degree":2,
		"stitch_degree":1,
		"conflict": [
			{"id": "9573"},
			{"id": "9580"}
		],
		"stitch": [
			{"id": "9571"}
		]
	},
	{
		"id": "9573",
		"conflict_degree":5,
		"stitch_degree":0,
		"conflict": [
			{"id": "9571"},
			{"id": "9572"},
			{"id": "9574"},
			{"id": "9575"},
			{"id": "9580"}
		],
		"stitch": []
	},
	{
		"id": "9574",
		"conflict_degree":4,
		"stitch_degree":1,
		"conflict": [
			{"id": "9569"},
			{"id": "9570"},
			{"id": "9573"},
			{"id": "9576"}
		],
		"stitch": [
			{"id": "9575"}
		]
	},
	{
		"id": "9575",
		"conflict_degree":3,
		"stitch_degree":1,
		"conflict": [
			{"id": "9573"},
			{"id": "9576"},
			{"id": "9580"}
		],
		"stitch": [
			{"id": "9574"}
		]
	},
	{
		"id": "9576",
		"conflict_degree":5,
		"stitch_degree":1,
		"conflict": [
			{"id": "9569"},
			{"id": "9570"},
			{"id": "9574"},
			{"id": "9575"},
			{"id": "9586"}
		],
		"stitch": [
			{"id": "9577"}
		]
	},
	{
		"id": "9577",
		"conflict_degree":4,
		"stitch_degree":4,
		"conflict": [
			{"id": "9570"},
			{"id": "9582"},
			{"id": "9585"},
			{"id": "9586"}
		],
		"stitch": [
			{"id": "9576"},
			{"id": "9578"},
			{"id": "9579"},
			{"id": "9580"}
		]
	},
	{
		"id": "9578",
		"conflict_degree":2,
		"stitch_degree":1,
		"conflict": [
			{"id": "9582"},
			{"id": "9585"}
		],
		"stitch": [
			{"id": "9577"}
		]
	},
	{
		"id": "9579",
		"conflict_degree":2,
		"stitch_degree":1,
		"conflict": [
			{"id": "9585"},
			{"id": "9586"}
		],
		"stitch": [
			{"id": "9577"}
		]
	},
	{
		"id": "9580",
		"conflict_degree":5,
		"stitch_degree":2,
		"conflict": [
			{"id": "9572"},
			{"id": "9573"},
			{"id": "9575"},
			{"id": "9583"},
			{"id": "9585"}
		],
		"stitch": [
			{"id": "9577"},
			{"id": "9581"}
		]
	},
	{
		"id": "9581",
		"conflict_degree":0,
		"stitch_degree":1,
		"conflict": [],
		"stitch": [
			{"id": "9580"}
		]
	},
	{
		"id": "9865",
		"conflict_degree":1,
		"stitch_degree":1,
		"conflict": [
			{"id": "9864"}
		],
		"stitch": [
			{"id": "9866"}
		]
	},
	{
		"id": "9866",
		"conflict_degree":4,
		"stitch_degree":3,
		"conflict": [
			{"id": "9896"},
			{"id": "9898"},
			{"id": "9901"},
			{"id": "9902"}
		],
		"stitch": [
			{"id": "9865"},
			{"id": "9867"},
			{"id": "9868"}
		]
	},
	{
		"id": "9867",
		"conflict_degree":1,
		"stitch_degree":1,
		"conflict": [
			{"id": "9872"}
		],
		"stitch": [
			{"id": "9866"}
		]
	},
	{
		"id": "9868",
		"conflict_degree":7,
		"stitch_degree":4,
		"conflict": [
			{"id": "9873"},
			{"id": "9874"},
			{"id": "9898"},
			{"id": "9899"},
			{"id": "9900"},
			{"id": "9901"},
			{"id": "9902"}
		],
		"stitch": [
			{"id": "9866"},
			{"id": "9869"},
			{"id": "9870"},
			{"id": "9871"}
		]
	},
	{
		"id": "9869",
		"conflict_degree":3,
		"stitch_degree":1,
		"conflict": [
			{"id": "9873"},
			{"id": "9874"},
			{"id": "9899"}
		],
		"stitch": [
			{"id": "9868"}
		]
	},
	{
		"id": "9870",
		"conflict_degree":2,
		"stitch_degree":1,
		"conflict": [
			{"id": "9899"},
			{"id": "9901"}
		],
		"stitch": [
			{"id": "9868"}
		]
	},
	{
		"id": "9871",
		"conflict_degree":2,
		"stitch_degree":1,
		"conflict": [
			{"id": "9900"},
			{"id": "9901"}
		],
		"stitch": [
			{"id": "9868"}
		]
	},
	{
		"id": "9872",
		"conflict_degree":4,
		"stitch_degree":0,
		"conflict": [
			{"id": "9867"},
			{"id": "9875"},
			{"id": "9896"},
			{"id": "9897"}
		],
		"stitch": []
	},
	{
		"id": "9873",
		"conflict_degree":5,
		"stitch_degree":1,
		"conflict": [
			{"id": "9868"},
			{"id": "9869"},
			{"id": "9896"},
			{"id": "9897"},
			{"id": "9898"}
		],
		"stitch": [
			{"id": "9874"}
		]
	},
	{
		"id": "9874",
		"conflict_degree":5,
		"stitch_degree":2,
		"conflict": [
			{"id": "9868"},
			{"id": "9869"},
			{"id": "9894"},
			{"id": "9896"},
			{"id": "9897"}
		],
		"stitch": [
			{"id": "9873"},
			{"id": "9875"}
		]
	},
	{
		"id": "9875",
		"conflict_degree":5,
		"stitch_degree":1,
		"conflict": [
			{"id": "9872"},
			{"id": "9876"},
			{"id": "9891"},
			{"id": "9894"},
			{"id": "9895"}
		],
		"stitch": [
			{"id": "9874"}
		]
	},
	{
		"id": "9896",
		"conflict_degree":5,
		"stitch_degree":1,
		"conflict": [
			{"id": "9866"},
			{"id": "9872"},
			{"id": "9873"},
			{"id": "9874"},
			{"id": "9898"}
		],
		"stitch": [
			{"id": "9897"}
		]
	},
	{
		"id": "9897",
		"conflict_degree":3,
		"stitch_degree":1,
		"conflict": [
			{"id": "9872"},
			{"id": "9873"},
			{"id": "9874"}
		],
		"stitch": [
			{"id": "9896"}
		]
	},
	{
		"id": "9898",
		"conflict_degree":4,
		"stitch_degree":0,
		"conflict": [
			{"id": "9866"},
			{"id": "9868"},
			{"id": "9873"},
			{"id": "9896"}
		],
		"stitch": []
	},
	{
		"id": "10060",
		"conflict_degree":5,
		"stitch_degree":1,
		"conflict": [
			{"id": "10059"},
			{"id": "10078"},
			{"id": "10080"},
			{"id": "10083"},
			{"id": "10084"}
		],
		"stitch": [
			{"id": "10061"}
		]
	},
	{
		"id": "10061",
		"conflict_degree":2,
		"stitch_degree":2,
		"conflict": [
			{"id": "10082"},
			{"id": "10085"}
		],
		"stitch": [
			{"id": "10060"},
			{"id": "10062"}
		]
	},
	{
		"id": "10062",
		"conflict_degree":3,
		"stitch_degree":1,
		"conflict": [
			{"id": "10064"},
			{"id": "10082"},
			{"id": "10085"}
		],
		"stitch": [
			{"id": "10061"}
		]
	},
	{
		"id": "10063",
		"conflict_degree":3,
		"stitch_degree":1,
		"conflict": [
			{"id": "10067"},
			{"id": "10077"},
			{"id": "10079"}
		],
		"stitch": [
			{"id": "10064"}
		]
	},
	{
		"id": "10064",
		"conflict_degree":4,
		"stitch_degree":2,
		"conflict": [
			{"id": "10062"},
			{"id": "10067"},
			{"id": "10069"},
			{"id": "10082"}
		],
		"stitch": [
			{"id": "10063"},
			{"id": "10065"}
		]
	},
	{
		"id": "10065",
		"conflict_degree":1,
		"stitch_degree":2,
		"conflict": [
			{"id": "10069"}
		],
		"stitch": [
			{"id": "10064"},
			{"id": "10066"}
		]
	},
	{
		"id": "10066",
		"conflict_degree":2,
		"stitch_degree":1,
		"conflict": [
			{"id": "10068"},
			{"id": "10069"}
		],
		"stitch": [
			{"id": "10065"}
		]
	},
	{
		"id": "10078",
		"conflict_degree":3,
		"stitch_degree":1,
		"conflict": [
			{"id": "10060"},
			{"id": "10080"},
			{"id": "10081"}
		],
		"stitch": [
			{"id": "10079"}
		]
	},
	{
		"id": "10079",
		"conflict_degree":4,
		"stitch_degree":1,
		"conflict": [
			{"id": "10063"},
			{"id": "10077"},
			{"id": "10080"},
			{"id": "10081"}
		],
		"stitch": [
			{"id": "10078"}
		]
	},
	{
		"id": "10080",
		"conflict_degree":3,
		"stitch_degree":1,
		"conflict": [
			{"id": "10060"},
			{"id": "10078"},
			{"id": "10079"}
		],
		"stitch": [
			{"id": "10081"}
		]
	},
	{
		"id": "10081",
		"conflict_degree":3,
		"stitch_degree":1,
		"conflict": [
			{"id": "10078"},
			{"id": "10079"},
			{"id": "10082"}
		],
		"stitch": [
			{"id": "10080"}
		]
	},
	{
		"id": "10082",
		"conflict_degree":4,
		"stitch_degree":0,
		"conflict": [
			{"id": "10061"},
			{"id": "10062"},
			{"id": "10064"},
			{"id": "10081"}
		],
		"stitch": []
	},
	{
		"id": "11615",
		"conflict_degree":0,
		"stitch_degree":1,
		"conflict": [],
		"stitch": [
			{"id": "11616"}
		]
	},
	{
		"id": "11616",
		"conflict_degree":4,
		"stitch_degree":2,
		"conflict": [
			{"id": "11614"},
			{"id": "11646"},
			{"id": "11648"},
			{"id": "11651"}
		],
		"stitch": [
			{"id": "11615"},
			{"id": "11617"}
		]
	},
	{
		"id": "11617",
		"conflict_degree":4,
		"stitch_degree":4,
		"conflict": [
			{"id": "11622"},
			{"id": "11650"},
			{"id": "11651"},
			{"id": "11652"}
		],
		"stitch": [
			{"id": "11616"},
			{"id": "11618"},
			{"id": "11619"},
			{"id": "11620"}
		]
	},
	{
		"id": "11618",
		"conflict_degree":5,
		"stitch_degree":1,
		"conflict": [
			{"id": "11621"},
			{"id": "11622"},
			{"id": "11646"},
			{"id": "11647"},
			{"id": "11650"}
		],
		"stitch": [
			{"id": "11617"}
		]
	},
	{
		"id": "11619",
		"conflict_degree":2,
		"stitch_degree":1,
		"conflict": [
			{"id": "11650"},
			{"id": "11651"}
		],
		"stitch": [
			{"id": "11617"}
		]
	},
	{
		"id": "11620",
		"conflict_degree":2,
		"stitch_degree":1,
		"conflict": [
			{"id": "11651"},
			{"id": "11652"}
		],
		"stitch": [
			{"id": "11617"}
		]
	},
	{
		"id": "11621",
		"conflict_degree":5,
		"stitch_degree":2,
		"conflict": [
			{"id": "11618"},
			{"id": "11643"},
			{"id": "11645"},
			{"id": "11647"},
			{"id": "11649"}
		],
		"stitch": [
			{"id": "11622"},
			{"id": "11623"}
		]
	},
	{
		"id": "11622",
		"conflict_degree":4,
		"stitch_degree":1,
		"conflict": [
			{"id": "11617"},
			{"id": "11618"},
			{"id": "11645"},
			{"id": "11647"}
		],
		"stitch": [
			{"id": "11621"}
		]
	},
	{
		"id": "11623",
		"conflict_degree":1,
		"stitch_degree":2,
		"conflict": [
			{"id": "11643"}
		],
		"stitch": [
			{"id": "11621"},
			{"id": "11624"}
		]
	},
	{
		"id": "11624",
		"conflict_degree":1,
		"stitch_degree":1,
		"conflict": [
			{"id": "11625"}
		],
		"stitch": [
			{"id": "11623"}
		]
	},
	{
		"id": "11644",
		"conflict_degree":4,
		"stitch_degree":1,
		"conflict": [
			{"id": "11646"},
			{"id": "11647"},
			{"id": "11648"},
			{"id": "11649"}
		],
		"stitch": [
			{"id": "11645"}
		]
	},
	{
		"id": "11645",
		"conflict_degree":6,
		"stitch_degree":1,
		"conflict": [
			{"id": "11621"},
			{"id": "11622"},
			{"id": "11646"},
			{"id": "11647"},
			{"id": "11648"},
			{"id": "11649"}
		],
		"stitch": [
			{"id": "11644"}
		]
	},
	{
		"id": "11646",
		"conflict_degree":4,
		"stitch_degree":1,
		"conflict": [
			{"id": "11616"},
			{"id": "11618"},
			{"id": "11644"},
			{"id": "11645"}
		],
		"stitch": [
			{"id": "11647"}
		]
	},
	{
		"id": "11647",
		"conflict_degree":5,
		"stitch_degree":1,
		"conflict": [
			{"id": "11618"},
			{"id": "11621"},
			{"id": "11622"},
			{"id": "11644"},
			{"id": "11645"}
		],
		"stitch": [
			{"id": "11646"}
		]
	},
	{
		"id": "11648",
		"conflict_degree":3,
		"stitch_degree":1,
		"conflict": [
			{"id": "11616"},
			{"id": "11644"},
			{"id": "11645"}
		],
		"stitch": [
			{"id": "11649"}
		]
	},
	{
		"id": "11649",
		"conflict_degree":3,
		"stitch_degree":1,
		"conflict": [
			{"id": "11621"},
			{"id": "11644"},
			{"id": "11645"}
		],
		"stitch": [
			{"id": "11648"}
		]
	},
	{
		"id": "12296",
		"conflict_degree":0,
		"stitch_degree":1,
		"conflict": [],
		"stitch": [
			{"id": "12297"}
		]
	},
	{
		"id": "12297",
		"conflict_degree":6,
		"stitch_degree":2,
		"conflict": [
			{"id": "12295"},
			{"id": "12322"},
			{"id": "12324"},
			{"id": "12325"},
			{"id": "12327"},
			{"id": "12329"}
		],
		"stitch": [
			{"id": "12296"},
			{"id": "12298"}
		]
	},
	{
		"id": "12298",
		"conflict_degree":4,
		"stitch_degree":4,
		"conflict": [
			{"id": "12302"},
			{"id": "12327"},
			{"id": "12328"},
			{"id": "12330"}
		],
		"stitch": [
			{"id": "12297"},
			{"id": "12299"},
			{"id": "12300"},
			{"id": "12301"}
		]
	},
	{
		"id": "12299",
		"conflict_degree":5,
		"stitch_degree":1,
		"conflict": [
			{"id": "12302"},
			{"id": "12303"},
			{"id": "12322"},
			{"id": "12323"},
			{"id": "12328"}
		],
		"stitch": [
			{"id": "12298"}
		]
	},
	{
		"id": "12300",
		"conflict_degree":2,
		"stitch_degree":1,
		"conflict": [
			{"id": "12327"},
			{"id": "12328"}
		],
		"stitch": [
			{"id": "12298"}
		]
	},
	{
		"id": "12301",
		"conflict_degree":2,
		"stitch_degree":1,
		"conflict": [
			{"id": "12327"},
			{"id": "12330"}
		],
		"stitch": [
			{"id": "12298"}
		]
	},
	{
		"id": "12302",
		"conflict_degree":4,
		"stitch_degree":1,
		"conflict": [
			{"id": "12298"},
			{"id": "12299"},
			{"id": "12318"},
			{"id": "12323"}
		],
		"stitch": [
			{"id": "12303"}
		]
	},
	{
		"id": "12303",
		"conflict_degree":5,
		"stitch_degree":2,
		"conflict": [
			{"id": "12299"},
			{"id": "12318"},
			{"id": "12321"},
			{"id": "12323"},
			{"id": "12326"}
		],
		"stitch": [
			{"id": "12302"},
			{"id": "12304"}
		]
	},
	{
		"id": "12304",
		"conflict_degree":1,
		"stitch_degree":2,
		"conflict": [
			{"id": "12321"}
		],
		"stitch": [
			{"id": "12303"},
			{"id": "12305"}
		]
	},
	{
		"id": "12305",
		"conflict_degree":1,
		"stitch_degree":1,
		"conflict": [
			{"id": "12306"}
		],
		"stitch": [
			{"id": "12304"}
		]
	},
	{
		"id": "12322",
		"conflict_degree":3,
		"stitch_degree":1,
		"conflict": [
			{"id": "12297"},
			{"id": "12299"},
			{"id": "12324"}
		],
		"stitch": [
			{"id": "12323"}
		]
	},
	{
		"id": "12323",
		"conflict_degree":4,
		"stitch_degree":1,
		"conflict": [
			{"id": "12299"},
			{"id": "12302"},
			{"id": "12303"},
			{"id": "12324"}
		],
		"stitch": [
			{"id": "12322"}
		]
	},
	{
		"id": "12324",
		"conflict_degree":5,
		"stitch_degree":0,
		"conflict": [
			{"id": "12297"},
			{"id": "12322"},
			{"id": "12323"},
			{"id": "12325"},
			{"id": "12326"}
		],
		"stitch": []
	},
	{
		"id": "12325",
		"conflict_degree":2,
		"stitch_degree":1,
		"conflict": [
			{"id": "12297"},
			{"id": "12324"}
		],
		"stitch": [
			{"id": "12326"}
		]
	},
	{
		"id": "12326",
		"conflict_degree":2,
		"stitch_degree":1,
		"conflict": [
			{"id": "12303"},
			{"id": "12324"}
		],
		"stitch": [
			{"id": "12325"}
		]
	},
	{
		"id": "12617",
		"conflict_degree":0,
		"stitch_degree":1,
		"conflict": [],
		"stitch": [
			{"id": "12618"}
		]
	},
	{
		"id": "12618",
		"conflict_degree":6,
		"stitch_degree":3,
		"conflict": [
			{"id": "12623"},
			{"id": "12639"},
			{"id": "12640"},
			{"id": "12641"},
			{"id": "12642"},
			{"id": "12645"}
		],
		"stitch": [
			{"id": "12617"},
			{"id": "12619"},
			{"id": "12620"}
		]
	},
	{
		"id": "12619",
		"conflict_degree":2,
		"stitch_degree":1,
		"conflict": [
			{"id": "12625"},
			{"id": "12645"}
		],
		"stitch": [
			{"id": "12618"}
		]
	},
	{
		"id": "12620",
		"conflict_degree":3,
		"stitch_degree":3,
		"conflict": [
			{"id": "12623"},
			{"id": "12624"},
			{"id": "12644"}
		],
		"stitch": [
			{"id": "12618"},
			{"id": "12621"},
			{"id": "12622"}
		]
	},
	{
		"id": "12621",
		"conflict_degree":2,
		"stitch_degree":1,
		"conflict": [
			{"id": "12623"},
			{"id": "12624"}
		],
		"stitch": [
			{"id": "12620"}
		]
	},
	{
		"id": "12622",
		"conflict_degree":2,
		"stitch_degree":1,
		"conflict": [
			{"id": "12623"},
			{"id": "12644"}
		],
		"stitch": [
			{"id": "12620"}
		]
	},
	{
		"id": "12625",
		"conflict_degree":5,
		"stitch_degree":1,
		"conflict": [
			{"id": "12619"},
			{"id": "12624"},
			{"id": "12640"},
			{"id": "12642"},
			{"id": "12643"}
		],
		"stitch": [
			{"id": "12626"}
		]
	},
	{
		"id": "12626",
		"conflict_degree":1,
		"stitch_degree":2,
		"conflict": [
			{"id": "12643"}
		],
		"stitch": [
			{"id": "12625"},
			{"id": "12627"}
		]
	},
	{
		"id": "12627",
		"conflict_degree":1,
		"stitch_degree":1,
		"conflict": [
			{"id": "12628"}
		],
		"stitch": [
			{"id": "12626"}
		]
	},
	{
		"id": "12639",
		"conflict_degree":3,
		"stitch_degree":1,
		"conflict": [
			{"id": "12618"},
			{"id": "12641"},
			{"id": "12642"}
		],
		"stitch": [
			{"id": "12640"}
		]
	},
	{
		"id": "12640",
		"conflict_degree":4,
		"stitch_degree":1,
		"conflict": [
			{"id": "12618"},
			{"id": "12625"},
			{"id": "12641"},
			{"id": "12642"}
		],
		"stitch": [
			{"id": "12639"}
		]
	},
	{
		"id": "12641",
		"conflict_degree":3,
		"stitch_degree":1,
		"conflict": [
			{"id": "12618"},
			{"id": "12639"},
			{"id": "12640"}
		],
		"stitch": [
			{"id": "12642"}
		]
	},
	{
		"id": "12642",
		"conflict_degree":4,
		"stitch_degree":1,
		"conflict": [
			{"id": "12618"},
			{"id": "12625"},
			{"id": "12639"},
			{"id": "12640"}
		],
		"stitch": [
			{"id": "12641"}
		]
	},
	{
		"id": "14512",
		"conflict_degree":4,
		"stitch_degree":2,
		"conflict": [
			{"id": "14510"},
			{"id": "14542"},
			{"id": "14544"},
			{"id": "14545"}
		],
		"stitch": [
			{"id": "14515"},
			{"id": "14513"}
		]
	},
	{
		"id": "14513",
		"conflict_degree":3,
		"stitch_degree":2,
		"conflict": [
			{"id": "14510"},
			{"id": "14544"},
			{"id": "14545"}
		],
		"stitch": [
			{"id": "14512"},
			{"id": "14514"}
		]
	},
	{
		"id": "14514",
		"conflict_degree":5,
		"stitch_degree":1,
		"conflict": [
			{"id": "14510"},
			{"id": "14511"},
			{"id": "14516"},
			{"id": "14544"},
			{"id": "14545"}
		],
		"stitch": [
			{"id": "14513"}
		]
	},
	{
		"id": "14515",
		"conflict_degree":6,
		"stitch_degree":1,
		"conflict": [
			{"id": "14510"},
			{"id": "14542"},
			{"id": "14544"},
			{"id": "14545"},
			{"id": "14547"},
			{"id": "14548"}
		],
		"stitch": [
			{"id": "14512"}
		]
	},
	{
		"id": "14517",
		"conflict_degree":3,
		"stitch_degree":1,
		"conflict": [
			{"id": "14516"},
			{"id": "14545"},
			{"id": "14546"}
		],
		"stitch": [
			{"id": "14518"}
		]
	},
	{
		"id": "14518",
		"conflict_degree":4,
		"stitch_degree":2,
		"conflict": [
			{"id": "14520"},
			{"id": "14521"},
			{"id": "14545"},
			{"id": "14546"}
		],
		"stitch": [
			{"id": "14517"},
			{"id": "14519"}
		]
	},
	{
		"id": "14519",
		"conflict_degree":6,
		"stitch_degree":1,
		"conflict": [
			{"id": "14520"},
			{"id": "14540"},
			{"id": "14541"},
			{"id": "14543"},
			{"id": "14545"},
			{"id": "14546"}
		],
		"stitch": [
			{"id": "14518"}
		]
	},
	{
		"id": "14541",
		"conflict_degree":4,
		"stitch_degree":0,
		"conflict": [
			{"id": "14519"},
			{"id": "14542"},
			{"id": "14543"},
			{"id": "14547"}
		],
		"stitch": []
	},
	{
		"id": "14542",
		"conflict_degree":7,
		"stitch_degree":1,
		"conflict": [
			{"id": "14512"},
			{"id": "14515"},
			{"id": "14541"},
			{"id": "14544"},
			{"id": "14545"},
			{"id": "14546"},
			{"id": "14547"}
		],
		"stitch": [
			{"id": "14543"}
		]
	},
	{
		"id": "14543",
		"conflict_degree":5,
		"stitch_degree":1,
		"conflict": [
			{"id": "14519"},
			{"id": "14541"},
			{"id": "14545"},
			{"id": "14546"},
			{"id": "14547"}
		],
		"stitch": [
			{"id": "14542"}
		]
	},
	{
		"id": "14544",
		"conflict_degree":5,
		"stitch_degree":1,
		"conflict": [
			{"id": "14512"},
			{"id": "14513"},
			{"id": "14514"},
			{"id": "14515"},
			{"id": "14542"}
		],
		"stitch": [
			{"id": "14545"}
		]
	},
	{
		"id": "14545",
		"conflict_degree":9,
		"stitch_degree":2,
		"conflict": [
			{"id": "14512"},
			{"id": "14513"},
			{"id": "14514"},
			{"id": "14515"},
			{"id": "14517"},
			{"id": "14518"},
			{"id": "14519"},
			{"id": "14542"},
			{"id": "14543"}
		],
		"stitch": [
			{"id": "14544"},
			{"id": "14546"}
		]
	},
	{
		"id": "14546",
		"conflict_degree":5,
		"stitch_degree":1,
		"conflict": [
			{"id": "14517"},
			{"id": "14518"},
			{"id": "14519"},
			{"id": "14542"},
			{"id": "14543"}
		],
		"stitch": [
			{"id": "14545"}
		]
	},
	{
		"id": "14547",
		"conflict_degree":4,
		"stitch_degree":0,
		"conflict": [
			{"id": "14515"},
			{"id": "14541"},
			{"id": "14542"},
			{"id": "14543"}
		],
		"stitch": []
	},
	{
		"id": "14781",
		"conflict_degree":2,
		"stitch_degree":1,
		"conflict": [
			{"id": "14785"},
			{"id": "14786"}
		],
		"stitch": [
			{"id": "14782"}
		]
	},
	{
		"id": "14782",
		"conflict_degree":4,
		"stitch_degree":2,
		"conflict": [
			{"id": "14779"},
			{"id": "14780"},
			{"id": "14785"},
			{"id": "14786"}
		],
		"stitch": [
			{"id": "14781"},
			{"id": "14783"}
		]
	},
	{
		"id": "14783",
		"conflict_degree":4,
		"stitch_degree":2,
		"conflict": [
			{"id": "14779"},
			{"id": "14780"},
			{"id": "14794"},
			{"id": "14795"}
		],
		"stitch": [
			{"id": "14782"},
			{"id": "14784"}
		]
	},
	{
		"id": "14784",
		"conflict_degree":3,
		"stitch_degree":1,
		"conflict": [
			{"id": "14789"},
			{"id": "14794"},
			{"id": "14795"}
		],
		"stitch": [
			{"id": "14783"}
		]
	},
	{
		"id": "14785",
		"conflict_degree":3,
		"stitch_degree":1,
		"conflict": [
			{"id": "14779"},
			{"id": "14781"},
			{"id": "14782"}
		],
		"stitch": [
			{"id": "14786"}
		]
	},
	{
		"id": "14786",
		"conflict_degree":4,
		"stitch_degree":1,
		"conflict": [
			{"id": "14781"},
			{"id": "14782"},
			{"id": "14787"},
			{"id": "14794"}
		],
		"stitch": [
			{"id": "14785"}
		]
	},
	{
		"id": "14787",
		"conflict_degree":2,
		"stitch_degree":1,
		"conflict": [
			{"id": "14786"},
			{"id": "14794"}
		],
		"stitch": [
			{"id": "14788"}
		]
	},
	{
		"id": "14788",
		"conflict_degree":3,
		"stitch_degree":2,
		"conflict": [
			{"id": "14790"},
			{"id": "14791"},
			{"id": "14794"}
		],
		"stitch": [
			{"id": "14787"},
			{"id": "14789"}
		]
	},
	{
		"id": "14789",
		"conflict_degree":5,
		"stitch_degree":1,
		"conflict": [
			{"id": "14784"},
			{"id": "14790"},
			{"id": "14793"},
			{"id": "14794"},
			{"id": "14795"}
		],
		"stitch": [
			{"id": "14788"}
		]
	},
	{
		"id": "14794",
		"conflict_degree":6,
		"stitch_degree":0,
		"conflict": [
			{"id": "14783"},
			{"id": "14784"},
			{"id": "14786"},
			{"id": "14787"},
			{"id": "14788"},
			{"id": "14789"}
		],
		"stitch": []
	},
	{
		"id": "15734",
		"conflict_degree":2,
		"stitch_degree":1,
		"conflict": [
			{"id": "15748"},
			{"id": "15749"}
		],
		"stitch": [
			{"id": "15735"}
		]
	},
	{
		"id": "15735",
		"conflict_degree":3,
		"stitch_degree":2,
		"conflict": [
			{"id": "15733"},
			{"id": "15739"},
			{"id": "15748"}
		],
		"stitch": [
			{"id": "15734"},
			{"id": "15736"}
		]
	},
	{
		"id": "15736",
		"conflict_degree":3,
		"stitch_degree":2,
		"conflict": [
			{"id": "15733"},
			{"id": "15739"},
			{"id": "15745"}
		],
		"stitch": [
			{"id": "15735"},
			{"id": "15737"}
		]
	},
	{
		"id": "15737",
		"conflict_degree":3,
		"stitch_degree":1,
		"conflict": [
			{"id": "15738"},
			{"id": "15739"},
			{"id": "15745"}
		],
		"stitch": [
			{"id": "15736"}
		]
	},
	{
		"id": "15738",
		"conflict_degree":4,
		"stitch_degree":0,
		"conflict": [
			{"id": "15737"},
			{"id": "15739"},
			{"id": "15740"},
			{"id": "15745"}
		],
		"stitch": []
	},
	{
		"id": "15739",
		"conflict_degree":5,
		"stitch_degree":1,
		"conflict": [
			{"id": "15735"},
			{"id": "15736"},
			{"id": "15737"},
			{"id": "15738"},
			{"id": "15747"}
		],
		"stitch": [
			{"id": "15740"}
		]
	},
	{
		"id": "15740",
		"conflict_degree":2,
		"stitch_degree":2,
		"conflict": [
			{"id": "15738"},
			{"id": "15743"}
		],
		"stitch": [
			{"id": "15739"},
			{"id": "15741"}
		]
	},
	{
		"id": "15741",
		"conflict_degree":3,
		"stitch_degree":2,
		"conflict": [
			{"id": "15743"},
			{"id": "15744"},
			{"id": "15746"}
		],
		"stitch": [
			{"id": "15740"},
			{"id": "15742"}
		]
	},
	{
		"id": "15742",
		"conflict_degree":4,
		"stitch_degree":1,
		"conflict": [
			{"id": "15743"},
			{"id": "15744"},
			{"id": "15745"},
			{"id": "15746"}
		],
		"stitch": [
			{"id": "15741"}
		]
	},
	{
		"id": "15745",
		"conflict_degree":4,
		"stitch_degree":1,
		"conflict": [
			{"id": "15736"},
			{"id": "15737"},
			{"id": "15738"},
			{"id": "15742"}
		],
		"stitch": [
			{"id": "15746"}
		]
	},
	{
		"id": "15746",
		"conflict_degree":2,
		"stitch_degree":1,
		"conflict": [
			{"id": "15741"},
			{"id": "15742"}
		],
		"stitch": [
			{"id": "15745"}
		]
	},
	{
		"id": "16561",
		"conflict_degree":2,
		"stitch_degree":1,
		"conflict": [
			{"id": "16559"},
			{"id": "16568"}
		],
		"stitch": [
			{"id": "16562"}
		]
	},
	{
		"id": "16562",
		"conflict_degree":5,
		"stitch_degree":3,
		"conflict": [
			{"id": "16568"},
			{"id": "16569"},
			{"id": "16593"},
			{"id": "16596"},
			{"id": "16598"}
		],
		"stitch": [
			{"id": "16561"},
			{"id": "16563"},
			{"id": "16564"}
		]
	},
	{
		"id": "16563",
		"conflict_degree":1,
		"stitch_degree":1,
		"conflict": [
			{"id": "16568"}
		],
		"stitch": [
			{"id": "16562"}
		]
	},
	{
		"id": "16564",
		"conflict_degree":8,
		"stitch_degree":4,
		"conflict": [
			{"id": "16559"},
			{"id": "16571"},
			{"id": "16593"},
			{"id": "16594"},
			{"id": "16595"},
			{"id": "16596"},
			{"id": "16598"},
			{"id": "16599"}
		],
		"stitch": [
			{"id": "16562"},
			{"id": "16565"},
			{"id": "16566"},
			{"id": "16567"}
		]
	},
	{
		"id": "16565",
		"conflict_degree":1,
		"stitch_degree":1,
		"conflict": [
			{"id": "16599"}
		],
		"stitch": [
			{"id": "16564"}
		]
	},
	{
		"id": "16566",
		"conflict_degree":2,
		"stitch_degree":1,
		"conflict": [
			{"id": "16598"},
			{"id": "16599"}
		],
		"stitch": [
			{"id": "16564"}
		]
	},
	{
		"id": "16567",
		"conflict_degree":3,
		"stitch_degree":1,
		"conflict": [
			{"id": "16559"},
			{"id": "16595"},
			{"id": "16598"}
		],
		"stitch": [
			{"id": "16564"}
		]
	},
	{
		"id": "16569",
		"conflict_degree":4,
		"stitch_degree":1,
		"conflict": [
			{"id": "16562"},
			{"id": "16568"},
			{"id": "16593"},
			{"id": "16594"}
		],
		"stitch": [
			{"id": "16570"}
		]
	},
	{
		"id": "16570",
		"conflict_degree":4,
		"stitch_degree":1,
		"conflict": [
			{"id": "16568"},
			{"id": "16571"},
			{"id": "16593"},
			{"id": "16594"}
		],
		"stitch": [
			{"id": "16569"}
		]
	},
	{
		"id": "16571",
		"conflict_degree":5,
		"stitch_degree":1,
		"conflict": [
			{"id": "16564"},
			{"id": "16570"},
			{"id": "16573"},
			{"id": "16575"},
			{"id": "16594"}
		],
		"stitch": [
			{"id": "16572"}
		]
	},
	{
		"id": "16572",
		"conflict_degree":1,
		"stitch_degree":1,
		"conflict": [
			{"id": "16575"}
		],
		"stitch": [
			{"id": "16571"}
		]
	},
	{
		"id": "16593",
		"conflict_degree":4,
		"stitch_degree":1,
		"conflict": [
			{"id": "16562"},
			{"id": "16564"},
			{"id": "16569"},
			{"id": "16570"}
		],
		"stitch": [
			{"id": "16594"}
		]
	},
	{
		"id": "16594",
		"conflict_degree":4,
		"stitch_degree":1,
		"conflict": [
			{"id": "16564"},
			{"id": "16569"},
			{"id": "16570"},
			{"id": "16571"}
		],
		"stitch": [
			{"id": "16593"}
		]
	},
	{
		"id": "17836",
		"conflict_degree":1,
		"stitch_degree":1,
		"conflict": [
			{"id": "17834"}
		],
		"stitch": [
			{"id": "17837"}
		]
	},
	{
		"id": "17837",
		"conflict_degree":1,
		"stitch_degree":2,
		"conflict": [
			{"id": "17839"}
		],
		"stitch": [
			{"id": "17836"},
			{"id": "17838"}
		]
	},
	{
		"id": "17838",
		"conflict_degree":6,
		"stitch_degree":1,
		"conflict": [
			{"id": "17839"},
			{"id": "17840"},
			{"id": "17841"},
			{"id": "17862"},
			{"id": "17864"},
			{"id": "17867"}
		],
		"stitch": [
			{"id": "17837"}
		]
	},
	{
		"id": "17841",
		"conflict_degree":4,
		"stitch_degree":1,
		"conflict": [
			{"id": "17838"},
			{"id": "17840"},
			{"id": "17864"},
			{"id": "17865"}
		],
		"stitch": [
			{"id": "17842"}
		]
	},
	{
		"id": "17842",
		"conflict_degree":4,
		"stitch_degree":2,
		"conflict": [
			{"id": "17840"},
			{"id": "17860"},
			{"id": "17864"},
			{"id": "17865"}
		],
		"stitch": [
			{"id": "17841"},
			{"id": "17843"}
		]
	},
	{
		"id": "17843",
		"conflict_degree":6,
		"stitch_degree":1,
		"conflict": [
			{"id": "17844"},
			{"id": "17860"},
			{"id": "17861"},
			{"id": "17863"},
			{"id": "17865"},
			{"id": "17866"}
		],
		"stitch": [
			{"id": "17842"}
		]
	},
	{
		"id": "17862",
		"conflict_degree":3,
		"stitch_degree":1,
		"conflict": [
			{"id": "17838"},
			{"id": "17864"},
			{"id": "17865"}
		],
		"stitch": [
			{"id": "17863"}
		]
	},
	{
		"id": "17863",
		"conflict_degree":3,
		"stitch_degree":1,
		"conflict": [
			{"id": "17843"},
			{"id": "17864"},
			{"id": "17865"}
		],
		"stitch": [
			{"id": "17862"}
		]
	},
	{
		"id": "17864",
		"conflict_degree":5,
		"stitch_degree":1,
		"conflict": [
			{"id": "17838"},
			{"id": "17841"},
			{"id": "17842"},
			{"id": "17862"},
			{"id": "17863"}
		],
		"stitch": [
			{"id": "17865"}
		]
	},
	{
		"id": "17865",
		"conflict_degree":5,
		"stitch_degree":1,
		"conflict": [
			{"id": "17841"},
			{"id": "17842"},
			{"id": "17843"},
			{"id": "17862"},
			{"id": "17863"}
		],
		"stitch": [
			{"id": "17864"}
		]
	},
	{
		"id": "20124",
		"conflict_degree":4,
		"stitch_degree":2,
		"conflict": [
			{"id": "20123"},
			{"id": "20127"},
			{"id": "20151"},
			{"id": "20154"}
		],
		"stitch": [
			{"id": "20125"},
			{"id": "20126"}
		]
	},
	{
		"id": "20125",
		"conflict_degree":6,
		"stitch_degree":1,
		"conflict": [
			{"id": "20147"},
			{"id": "20148"},
			{"id": "20150"},
			{"id": "20151"},
			{"id": "20153"},
			{"id": "20154"}
		],
		"stitch": [
			{"id": "20124"}
		]
	},
	{
		"id": "20126",
		"conflict_degree":3,
		"stitch_degree":1,
		"conflict": [
			{"id": "20127"},
			{"id": "20128"},
			{"id": "20151"}
		],
		"stitch": [
			{"id": "20124"}
		]
	},
	{
		"id": "20127",
		"conflict_degree":3,
		"stitch_degree":1,
		"conflict": [
			{"id": "20124"},
			{"id": "20126"},
			{"id": "20151"}
		],
		"stitch": [
			{"id": "20128"}
		]
	},
	{
		"id": "20128",
		"conflict_degree":2,
		"stitch_degree":2,
		"conflict": [
			{"id": "20126"},
			{"id": "20131"}
		],
		"stitch": [
			{"id": "20127"},
			{"id": "20129"}
		]
	},
	{
		"id": "20129",
		"conflict_degree":1,
		"stitch_degree":2,
		"conflict": [
			{"id": "20131"}
		],
		"stitch": [
			{"id": "20128"},
			{"id": "20130"}
		]
	},
	{
		"id": "20130",
		"conflict_degree":3,
		"stitch_degree":1,
		"conflict": [
			{"id": "20131"},
			{"id": "20148"},
			{"id": "20149"}
		],
		"stitch": [
			{"id": "20129"}
		]
	},
	{
		"id": "20147",
		"conflict_degree":3,
		"stitch_degree":1,
		"conflict": [
			{"id": "20125"},
			{"id": "20150"},
			{"id": "20151"}
		],
		"stitch": [
			{"id": "20148"}
		]
	},
	{
		"id": "20148",
		"conflict_degree":5,
		"stitch_degree":2,
		"conflict": [
			{"id": "20125"},
			{"id": "20130"},
			{"id": "20146"},
			{"id": "20150"},
			{"id": "20151"}
		],
		"stitch": [
			{"id": "20147"},
			{"id": "20149"}
		]
	},
	{
		"id": "20149",
		"conflict_degree":3,
		"stitch_degree":1,
		"conflict": [
			{"id": "20130"},
			{"id": "20131"},
			{"id": "20146"}
		],
		"stitch": [
			{"id": "20148"}
		]
	},
	{
		"id": "20151",
		"conflict_degree":6,
		"stitch_degree":0,
		"conflict": [
			{"id": "20124"},
			{"id": "20125"},
			{"id": "20126"},
			{"id": "20127"},
			{"id": "20147"},
			{"id": "20148"}
		],
		"stitch": []
	},
	{
		"id": "20810",
		"conflict_degree":5,
		"stitch_degree":1,
		"conflict": [
			{"id": "20809"},
			{"id": "20820"},
			{"id": "20823"},
			{"id": "20824"},
			{"id": "20825"}
		],
		"stitch": [
			{"id": "20811"}
		]
	},
	{
		"id": "20811",
		"conflict_degree":1,
		"stitch_degree":2,
		"conflict": [
			{"id": "20824"}
		],
		"stitch": [
			{"id": "20810"},
			{"id": "20812"}
		]
	},
	{
		"id": "20812",
		"conflict_degree":1,
		"stitch_degree":2,
		"conflict": [
			{"id": "20824"}
		],
		"stitch": [
			{"id": "20811"},
			{"id": "20813"}
		]
	},
	{
		"id": "20813",
		"conflict_degree":3,
		"stitch_degree":2,
		"conflict": [
			{"id": "20815"},
			{"id": "20818"},
			{"id": "20824"}
		],
		"stitch": [
			{"id": "20812"},
			{"id": "20814"}
		]
	},
	{
		"id": "20814",
		"conflict_degree":2,
		"stitch_degree":1,
		"conflict": [
			{"id": "20815"},
			{"id": "20818"}
		],
		"stitch": [
			{"id": "20813"}
		]
	},
	{
		"id": "20815",
		"conflict_degree":5,
		"stitch_degree":0,
		"conflict": [
			{"id": "20813"},
			{"id": "20814"},
			{"id": "20818"},
			{"id": "20820"},
			{"id": "20821"}
		],
		"stitch": []
	},
	{
		"id": "20816",
		"conflict_degree":3,
		"stitch_degree":1,
		"conflict": [
			{"id": "20819"},
			{"id": "20821"},
			{"id": "20822"}
		],
		"stitch": [
			{"id": "20817"}
		]
	},
	{
		"id": "20817",
		"conflict_degree":2,
		"stitch_degree":2,
		"conflict": [
			{"id": "20819"},
			{"id": "20822"}
		],
		"stitch": [
			{"id": "20816"},
			{"id": "20818"}
		]
	},
	{
		"id": "20818",
		"conflict_degree":4,
		"stitch_degree":1,
		"conflict": [
			{"id": "20813"},
			{"id": "20814"},
			{"id": "20815"},
			{"id": "20819"}
		],
		"stitch": [
			{"id": "20817"}
		]
	},
	{
		"id": "20820",
		"conflict_degree":5,
		"stitch_degree":1,
		"conflict": [
			{"id": "20810"},
			{"id": "20815"},
			{"id": "20822"},
			{"id": "20823"},
			{"id": "20824"}
		],
		"stitch": [
			{"id": "20821"}
		]
	},
	{
		"id": "20821",
		"conflict_degree":3,
		"stitch_degree":1,
		"conflict": [
			{"id": "20815"},
			{"id": "20816"},
			{"id": "20822"}
		],
		"stitch": [
			{"id": "20820"}
		]
	},
	{
		"id": "20834",
		"conflict_degree":2,
		"stitch_degree":1,
		"conflict": [
			{"id": "20832"},
			{"id": "20856"}
		],
		"stitch": [
			{"id": "20835"}
		]
	},
	{
		"id": "20835",
		"conflict_degree":2,
		"stitch_degree":2,
		"conflict": [
			{"id": "20832"},
			{"id": "20851"}
		],
		"stitch": [
			{"id": "20834"},
			{"id": "20836"}
		]
	},
	{
		"id": "20836",
		"conflict_degree":5,
		"stitch_degree":1,
		"conflict": [
			{"id": "20837"},
			{"id": "20850"},
			{"id": "20851"},
			{"id": "20853"},
			{"id": "20855"}
		],
		"stitch": [
			{"id": "20835"}
		]
	},
	{
		"id": "20837",
		"conflict_degree":4,
		"stitch_degree":1,
		"conflict": [
			{"id": "20836"},
			{"id": "20850"},
			{"id": "20853"},
			{"id": "20854"}
		],
		"stitch": [
			{"id": "20838"}
		]
	},
	{
		"id": "20838",
		"conflict_degree":4,
		"stitch_degree":2,
		"conflict": [
			{"id": "20847"},
			{"id": "20850"},
			{"id": "20853"},
			{"id": "20854"}
		],
		"stitch": [
			{"id": "20837"},
			{"id": "20839"}
		]
	},
	{
		"id": "20839",
		"conflict_degree":6,
		"stitch_degree":1,
		"conflict": [
			{"id": "20840"},
			{"id": "20847"},
			{"id": "20848"},
			{"id": "20849"},
			{"id": "20852"},
			{"id": "20854"}
		],
		"stitch": [
			{"id": "20838"}
		]
	},
	{
		"id": "20851",
		"conflict_degree":4,
		"stitch_degree":1,
		"conflict": [
			{"id": "20835"},
			{"id": "20836"},
			{"id": "20853"},
			{"id": "20854"}
		],
		"stitch": [
			{"id": "20852"}
		]
	},
	{
		"id": "20852",
		"conflict_degree":3,
		"stitch_degree":1,
		"conflict": [
			{"id": "20839"},
			{"id": "20853"},
			{"id": "20854"}
		],
		"stitch": [
			{"id": "20851"}
		]
	},
	{
		"id": "20853",
		"conflict_degree":5,
		"stitch_degree":1,
		"conflict": [
			{"id": "20836"},
			{"id": "20837"},
			{"id": "20838"},
			{"id": "20851"},
			{"id": "20852"}
		],
		"stitch": [
			{"id": "20854"}
		]
	},
	{
		"id": "20854",
		"conflict_degree":5,
		"stitch_degree":1,
		"conflict": [
			{"id": "20837"},
			{"id": "20838"},
			{"id": "20839"},
			{"id": "20851"},
			{"id": "20852"}
		],
		"stitch": [
			{"id": "20853"}
		]
	}
]