[
	{
		"id": "2980",
		"conflict_degree":3,
		"stitch_degree":2,
		"conflict": [
			{"id": "2978"},
			{"id": "2996"},
			{"id": "3002"}
		],
		"stitch": [
			{"id": "2983"},
			{"id": "2981"}
		]
	},
	{
		"id": "2981",
		"conflict_degree":2,
		"stitch_degree":2,
		"conflict": [
			{"id": "2978"},
			{"id": "3002"}
		],
		"stitch": [
			{"id": "2980"},
			{"id": "2982"}
		]
	},
	{
		"id": "2982",
		"conflict_degree":5,
		"stitch_degree":1,
		"conflict": [
			{"id": "2978"},
			{"id": "2979"},
			{"id": "2984"},
			{"id": "2985"},
			{"id": "3002"}
		],
		"stitch": [
			{"id": "2981"}
		]
	},
	{
		"id": "2983",
		"conflict_degree":5,
		"stitch_degree":1,
		"conflict": [
			{"id": "2978"},
			{"id": "2996"},
			{"id": "3002"},
			{"id": "3003"},
			{"id": "3004"}
		],
		"stitch": [
			{"id": "2980"}
		]
	},
	{
		"id": "2985",
		"conflict_degree":5,
		"stitch_degree":1,
		"conflict": [
			{"id": "2982"},
			{"id": "2984"},
			{"id": "2999"},
			{"id": "3000"},
			{"id": "3002"}
		],
		"stitch": [
			{"id": "2986"}
		]
	},
	{
		"id": "2986",
		"conflict_degree":5,
		"stitch_degree":2,
		"conflict": [
			{"id": "2984"},
			{"id": "2995"},
			{"id": "2999"},
			{"id": "3000"},
			{"id": "3001"}
		],
		"stitch": [
			{"id": "2985"},
			{"id": "2987"}
		]
	},
	{
		"id": "2987",
		"conflict_degree":5,
		"stitch_degree":1,
		"conflict": [
			{"id": "2988"},
			{"id": "2995"},
			{"id": "2999"},
			{"id": "3000"},
			{"id": "3001"}
		],
		"stitch": [
			{"id": "2986"}
		]
	},
	{
		"id": "2996",
		"conflict_degree":6,
		"stitch_degree":1,
		"conflict": [
			{"id": "2980"},
			{"id": "2983"},
			{"id": "2999"},
			{"id": "3000"},
			{"id": "3001"},
			{"id": "3002"}
		],
		"stitch": [
			{"id": "2997"}
		]
	},
	{
		"id": "2997",
		"conflict_degree":5,
		"stitch_degree":2,
		"conflict": [
			{"id": "2988"},
			{"id": "2999"},
			{"id": "3000"},
			{"id": "3001"},
			{"id": "3002"}
		],
		"stitch": [
			{"id": "2996"},
			{"id": "2998"}
		]
	},
	{
		"id": "2998",
		"conflict_degree":2,
		"stitch_degree":1,
		"conflict": [
			{"id": "2988"},
			{"id": "3001"}
		],
		"stitch": [
			{"id": "2997"}
		]
	},
	{
		"id": "2999",
		"conflict_degree":6,
		"stitch_degree":1,
		"conflict": [
			{"id": "2985"},
			{"id": "2986"},
			{"id": "2987"},
			{"id": "2996"},
			{"id": "2997"},
			{"id": "3002"}
		],
		"stitch": [
			{"id": "3000"}
		]
	},
	{
		"id": "3000",
		"conflict_degree":5,
		"stitch_degree":2,
		"conflict": [
			{"id": "2985"},
			{"id": "2986"},
			{"id": "2987"},
			{"id": "2996"},
			{"id": "2997"}
		],
		"stitch": [
			{"id": "2999"},
			{"id": "3001"}
		]
	},
	{
		"id": "3001",
		"conflict_degree":5,
		"stitch_degree":1,
		"conflict": [
			{"id": "2986"},
			{"id": "2987"},
			{"id": "2996"},
			{"id": "2997"},
			{"id": "2998"}
		],
		"stitch": [
			{"id": "3000"}
		]
	},
	{
		"id": "3002",
		"conflict_degree":8,
		"stitch_degree":0,
		"conflict": [
			{"id": "2980"},
			{"id": "2981"},
			{"id": "2982"},
			{"id": "2983"},
			{"id": "2985"},
			{"id": "2996"},
			{"id": "2997"},
			{"id": "2999"}
		],
		"stitch": []
	},
	{
		"id": "3443",
		"conflict_degree":3,
		"stitch_degree":1,
		"conflict": [
			{"id": "3442"},
			{"id": "3449"},
			{"id": "3458"}
		],
		"stitch": [
			{"id": "3444"}
		]
	},
	{
		"id": "3444",
		"conflict_degree":3,
		"stitch_degree":2,
		"conflict": [
			{"id": "3442"},
			{"id": "3447"},
			{"id": "3449"}
		],
		"stitch": [
			{"id": "3443"},
			{"id": "3445"}
		]
	},
	{
		"id": "3445",
		"conflict_degree":5,
		"stitch_degree":2,
		"conflict": [
			{"id": "3447"},
			{"id": "3449"},
			{"id": "3451"},
			{"id": "3452"},
			{"id": "3453"}
		],
		"stitch": [
			{"id": "3444"},
			{"id": "3446"}
		]
	},
	{
		"id": "3446",
		"conflict_degree":4,
		"stitch_degree":1,
		"conflict": [
			{"id": "3451"},
			{"id": "3452"},
			{"id": "3453"},
			{"id": "3455"}
		],
		"stitch": [
			{"id": "3445"}
		]
	},
	{
		"id": "3451",
		"conflict_degree":4,
		"stitch_degree":1,
		"conflict": [
			{"id": "3445"},
			{"id": "3446"},
			{"id": "3455"},
			{"id": "3458"}
		],
		"stitch": [
			{"id": "3452"}
		]
	},
	{
		"id": "3452",
		"conflict_degree":4,
		"stitch_degree":2,
		"conflict": [
			{"id": "3445"},
			{"id": "3446"},
			{"id": "3447"},
			{"id": "3455"}
		],
		"stitch": [
			{"id": "3451"},
			{"id": "3453"}
		]
	},
	{
		"id": "3453",
		"conflict_degree":3,
		"stitch_degree":1,
		"conflict": [
			{"id": "3445"},
			{"id": "3446"},
			{"id": "3447"}
		],
		"stitch": [
			{"id": "3452"}
		]
	},
	{
		"id": "3454",
		"conflict_degree":4,
		"stitch_degree":1,
		"conflict": [
			{"id": "3456"},
			{"id": "3457"},
			{"id": "3458"},
			{"id": "3459"}
		],
		"stitch": [
			{"id": "3455"}
		]
	},
	{
		"id": "3455",
		"conflict_degree":7,
		"stitch_degree":1,
		"conflict": [
			{"id": "3446"},
			{"id": "3451"},
			{"id": "3452"},
			{"id": "3456"},
			{"id": "3457"},
			{"id": "3458"},
			{"id": "3459"}
		],
		"stitch": [
			{"id": "3454"}
		]
	},
	{
		"id": "3456",
		"conflict_degree":3,
		"stitch_degree":1,
		"conflict": [
			{"id": "3442"},
			{"id": "3454"},
			{"id": "3455"}
		],
		"stitch": [
			{"id": "3457"}
		]
	},
	{
		"id": "3457",
		"conflict_degree":2,
		"stitch_degree":2,
		"conflict": [
			{"id": "3454"},
			{"id": "3455"}
		],
		"stitch": [
			{"id": "3456"},
			{"id": "3458"}
		]
	},
	{
		"id": "3458",
		"conflict_degree":4,
		"stitch_degree":1,
		"conflict": [
			{"id": "3443"},
			{"id": "3451"},
			{"id": "3454"},
			{"id": "3455"}
		],
		"stitch": [
			{"id": "3457"}
		]
	},
	{
		"id": "3646",
		"conflict_degree":0,
		"stitch_degree":1,
		"conflict": [],
		"stitch": [
			{"id": "3647"}
		]
	},
	{
		"id": "3647",
		"conflict_degree":5,
		"stitch_degree":2,
		"conflict": [
			{"id": "3666"},
			{"id": "3668"},
			{"id": "3669"},
			{"id": "3673"},
			{"id": "3676"}
		],
		"stitch": [
			{"id": "3646"},
			{"id": "3648"}
		]
	},
	{
		"id": "3648",
		"conflict_degree":5,
		"stitch_degree":4,
		"conflict": [
			{"id": "3645"},
			{"id": "3652"},
			{"id": "3672"},
			{"id": "3675"},
			{"id": "3676"}
		],
		"stitch": [
			{"id": "3647"},
			{"id": "3649"},
			{"id": "3650"},
			{"id": "3651"}
		]
	},
	{
		"id": "3649",
		"conflict_degree":6,
		"stitch_degree":1,
		"conflict": [
			{"id": "3652"},
			{"id": "3653"},
			{"id": "3654"},
			{"id": "3666"},
			{"id": "3667"},
			{"id": "3672"}
		],
		"stitch": [
			{"id": "3648"}
		]
	},
	{
		"id": "3650",
		"conflict_degree":3,
		"stitch_degree":1,
		"conflict": [
			{"id": "3645"},
			{"id": "3675"},
			{"id": "3676"}
		],
		"stitch": [
			{"id": "3648"}
		]
	},
	{
		"id": "3651",
		"conflict_degree":2,
		"stitch_degree":1,
		"conflict": [
			{"id": "3672"},
			{"id": "3676"}
		],
		"stitch": [
			{"id": "3648"}
		]
	},
	{
		"id": "3652",
		"conflict_degree":3,
		"stitch_degree":2,
		"conflict": [
			{"id": "3648"},
			{"id": "3649"},
			{"id": "3667"}
		],
		"stitch": [
			{"id": "3653"},
			{"id": "3654"}
		]
	},
	{
		"id": "3653",
		"conflict_degree":4,
		"stitch_degree":1,
		"conflict": [
			{"id": "3649"},
			{"id": "3667"},
			{"id": "3670"},
			{"id": "3671"}
		],
		"stitch": [
			{"id": "3652"}
		]
	},
	{
		"id": "3654",
		"conflict_degree":2,
		"stitch_degree":2,
		"conflict": [
			{"id": "3649"},
			{"id": "3656"}
		],
		"stitch": [
			{"id": "3652"},
			{"id": "3655"}
		]
	},
	{
		"id": "3655",
		"conflict_degree":2,
		"stitch_degree":1,
		"conflict": [
			{"id": "3656"},
			{"id": "3665"}
		],
		"stitch": [
			{"id": "3654"}
		]
	},
	{
		"id": "3666",
		"conflict_degree":3,
		"stitch_degree":1,
		"conflict": [
			{"id": "3647"},
			{"id": "3649"},
			{"id": "3668"}
		],
		"stitch": [
			{"id": "3667"}
		]
	},
	{
		"id": "3667",
		"conflict_degree":4,
		"stitch_degree":1,
		"conflict": [
			{"id": "3649"},
			{"id": "3652"},
			{"id": "3653"},
			{"id": "3668"}
		],
		"stitch": [
			{"id": "3666"}
		]
	},
	{
		"id": "3668",
		"conflict_degree":5,
		"stitch_degree":0,
		"conflict": [
			{"id": "3647"},
			{"id": "3666"},
			{"id": "3667"},
			{"id": "3669"},
			{"id": "3670"}
		],
		"stitch": []
	},
	{
		"id": "3669",
		"conflict_degree":2,
		"stitch_degree":1,
		"conflict": [
			{"id": "3647"},
			{"id": "3668"}
		],
		"stitch": [
			{"id": "3670"}
		]
	},
	{
		"id": "3670",
		"conflict_degree":2,
		"stitch_degree":1,
		"conflict": [
			{"id": "3653"},
			{"id": "3668"}
		],
		"stitch": [
			{"id": "3669"}
		]
	}
]