[
	{
		"id": "26",
		"conflict_degree":5,
		"stitch_degree":2,
		"conflict": [
			{"id": "23"},
			{"id": "33"},
			{"id": "93"},
			{"id": "96"},
			{"id": "97"}
		],
		"stitch": [
			{"id": "27"},
			{"id": "29"}
		]
	},
	{
		"id": "27",
		"conflict_degree":4,
		"stitch_degree":2,
		"conflict": [
			{"id": "33"},
			{"id": "92"},
			{"id": "93"},
			{"id": "96"}
		],
		"stitch": [
			{"id": "26"},
			{"id": "28"}
		]
	},
	{
		"id": "28",
		"conflict_degree":1,
		"stitch_degree":1,
		"conflict": [
			{"id": "96"}
		],
		"stitch": [
			{"id": "27"}
		]
	},
	{
		"id": "29",
		"conflict_degree":6,
		"stitch_degree":2,
		"conflict": [
			{"id": "23"},
			{"id": "31"},
			{"id": "93"},
			{"id": "94"},
			{"id": "95"},
			{"id": "96"}
		],
		"stitch": [
			{"id": "26"},
			{"id": "30"}
		]
	},
	{
		"id": "30",
		"conflict_degree":4,
		"stitch_degree":1,
		"conflict": [
			{"id": "31"},
			{"id": "93"},
			{"id": "94"},
			{"id": "95"}
		],
		"stitch": [
			{"id": "29"}
		]
	},
	{
		"id": "31",
		"conflict_degree":4,
		"stitch_degree":0,
		"conflict": [
			{"id": "29"},
			{"id": "30"},
			{"id": "32"},
			{"id": "94"}
		],
		"stitch": []
	},
	{
		"id": "32",
		"conflict_degree":3,
		"stitch_degree":0,
		"conflict": [
			{"id": "31"},
			{"id": "37"},
			{"id": "94"}
		],
		"stitch": []
	},
	{
		"id": "33",
		"conflict_degree":3,
		"stitch_degree":2,
		"conflict": [
			{"id": "26"},
			{"id": "27"},
			{"id": "93"}
		],
		"stitch": [
			{"id": "34"},
			{"id": "37"}
		]
	},
	{
		"id": "34",
		"conflict_degree":0,
		"stitch_degree":2,
		"conflict": [],
		"stitch": [
			{"id": "33"},
			{"id": "35"}
		]
	},
	{
		"id": "35",
		"conflict_degree":1,
		"stitch_degree":2,
		"conflict": [
			{"id": "90"}
		],
		"stitch": [
			{"id": "34"},
			{"id": "36"}
		]
	},
	{
		"id": "36",
		"conflict_degree":6,
		"stitch_degree":1,
		"conflict": [
			{"id": "38"},
			{"id": "42"},
			{"id": "43"},
			{"id": "44"},
			{"id": "89"},
			{"id": "90"}
		],
		"stitch": [
			{"id": "35"}
		]
	},
	{
		"id": "37",
		"conflict_degree":4,
		"stitch_degree":1,
		"conflict": [
			{"id": "32"},
			{"id": "41"},
			{"id": "91"},
			{"id": "92"}
		],
		"stitch": [
			{"id": "33"}
		]
	},
	{
		"id": "93",
		"conflict_degree":5,
		"stitch_degree":1,
		"conflict": [
			{"id": "26"},
			{"id": "27"},
			{"id": "29"},
			{"id": "30"},
			{"id": "33"}
		],
		"stitch": [
			{"id": "94"}
		]
	},
	{
		"id": "94",
		"conflict_degree":4,
		"stitch_degree":1,
		"conflict": [
			{"id": "29"},
			{"id": "30"},
			{"id": "31"},
			{"id": "32"}
		],
		"stitch": [
			{"id": "93"}
		]
	},
	{
		"id": "249",
		"conflict_degree":5,
		"stitch_degree":2,
		"conflict": [
			{"id": "248"},
			{"id": "254"},
			{"id": "282"},
			{"id": "283"},
			{"id": "285"}
		],
		"stitch": [
			{"id": "250"},
			{"id": "252"}
		]
	},
	{
		"id": "250",
		"conflict_degree":4,
		"stitch_degree":2,
		"conflict": [
			{"id": "254"},
			{"id": "273"},
			{"id": "282"},
			{"id": "283"}
		],
		"stitch": [
			{"id": "249"},
			{"id": "251"}
		]
	},
	{
		"id": "251",
		"conflict_degree":1,
		"stitch_degree":1,
		"conflict": [
			{"id": "283"}
		],
		"stitch": [
			{"id": "250"}
		]
	},
	{
		"id": "252",
		"conflict_degree":6,
		"stitch_degree":2,
		"conflict": [
			{"id": "248"},
			{"id": "280"},
			{"id": "281"},
			{"id": "282"},
			{"id": "283"},
			{"id": "284"}
		],
		"stitch": [
			{"id": "249"},
			{"id": "253"}
		]
	},
	{
		"id": "253",
		"conflict_degree":4,
		"stitch_degree":1,
		"conflict": [
			{"id": "280"},
			{"id": "281"},
			{"id": "282"},
			{"id": "284"}
		],
		"stitch": [
			{"id": "252"}
		]
	},
	{
		"id": "254",
		"conflict_degree":3,
		"stitch_degree":2,
		"conflict": [
			{"id": "249"},
			{"id": "250"},
			{"id": "282"}
		],
		"stitch": [
			{"id": "255"},
			{"id": "256"}
		]
	},
	{
		"id": "255",
		"conflict_degree":4,
		"stitch_degree":1,
		"conflict": [
			{"id": "272"},
			{"id": "273"},
			{"id": "274"},
			{"id": "279"}
		],
		"stitch": [
			{"id": "254"}
		]
	},
	{
		"id": "256",
		"conflict_degree":0,
		"stitch_degree":2,
		"conflict": [],
		"stitch": [
			{"id": "254"},
			{"id": "257"}
		]
	},
	{
		"id": "257",
		"conflict_degree":1,
		"stitch_degree":2,
		"conflict": [
			{"id": "271"}
		],
		"stitch": [
			{"id": "256"},
			{"id": "258"}
		]
	},
	{
		"id": "258",
		"conflict_degree":6,
		"stitch_degree":1,
		"conflict": [
			{"id": "259"},
			{"id": "269"},
			{"id": "270"},
			{"id": "271"},
			{"id": "276"},
			{"id": "277"}
		],
		"stitch": [
			{"id": "257"}
		]
	},
	{
		"id": "279",
		"conflict_degree":3,
		"stitch_degree":0,
		"conflict": [
			{"id": "255"},
			{"id": "280"},
			{"id": "281"}
		],
		"stitch": []
	},
	{
		"id": "280",
		"conflict_degree":4,
		"stitch_degree":0,
		"conflict": [
			{"id": "252"},
			{"id": "253"},
			{"id": "279"},
			{"id": "281"}
		],
		"stitch": []
	},
	{
		"id": "281",
		"conflict_degree":4,
		"stitch_degree":1,
		"conflict": [
			{"id": "252"},
			{"id": "253"},
			{"id": "279"},
			{"id": "280"}
		],
		"stitch": [
			{"id": "282"}
		]
	},
	{
		"id": "282",
		"conflict_degree":5,
		"stitch_degree":1,
		"conflict": [
			{"id": "249"},
			{"id": "250"},
			{"id": "252"},
			{"id": "253"},
			{"id": "254"}
		],
		"stitch": [
			{"id": "281"}
		]
	},
	{
		"id": "290",
		"conflict_degree":5,
		"stitch_degree":2,
		"conflict": [
			{"id": "288"},
			{"id": "297"},
			{"id": "347"},
			{"id": "350"},
			{"id": "351"}
		],
		"stitch": [
			{"id": "291"},
			{"id": "293"}
		]
	},
	{
		"id": "291",
		"conflict_degree":4,
		"stitch_degree":2,
		"conflict": [
			{"id": "297"},
			{"id": "347"},
			{"id": "349"},
			{"id": "350"}
		],
		"stitch": [
			{"id": "290"},
			{"id": "292"}
		]
	},
	{
		"id": "292",
		"conflict_degree":1,
		"stitch_degree":1,
		"conflict": [
			{"id": "350"}
		],
		"stitch": [
			{"id": "291"}
		]
	},
	{
		"id": "293",
		"conflict_degree":6,
		"stitch_degree":2,
		"conflict": [
			{"id": "288"},
			{"id": "289"},
			{"id": "295"},
			{"id": "347"},
			{"id": "348"},
			{"id": "350"}
		],
		"stitch": [
			{"id": "290"},
			{"id": "294"}
		]
	},
	{
		"id": "294",
		"conflict_degree":4,
		"stitch_degree":1,
		"conflict": [
			{"id": "289"},
			{"id": "295"},
			{"id": "347"},
			{"id": "348"}
		],
		"stitch": [
			{"id": "293"}
		]
	},
	{
		"id": "295",
		"conflict_degree":4,
		"stitch_degree":0,
		"conflict": [
			{"id": "293"},
			{"id": "294"},
			{"id": "296"},
			{"id": "348"}
		],
		"stitch": []
	},
	{
		"id": "296",
		"conflict_degree":3,
		"stitch_degree":0,
		"conflict": [
			{"id": "295"},
			{"id": "301"},
			{"id": "348"}
		],
		"stitch": []
	},
	{
		"id": "297",
		"conflict_degree":3,
		"stitch_degree":2,
		"conflict": [
			{"id": "290"},
			{"id": "291"},
			{"id": "347"}
		],
		"stitch": [
			{"id": "298"},
			{"id": "301"}
		]
	},
	{
		"id": "298",
		"conflict_degree":0,
		"stitch_degree":2,
		"conflict": [],
		"stitch": [
			{"id": "297"},
			{"id": "299"}
		]
	},
	{
		"id": "299",
		"conflict_degree":1,
		"stitch_degree":2,
		"conflict": [
			{"id": "345"}
		],
		"stitch": [
			{"id": "298"},
			{"id": "300"}
		]
	},
	{
		"id": "300",
		"conflict_degree":6,
		"stitch_degree":1,
		"conflict": [
			{"id": "302"},
			{"id": "303"},
			{"id": "334"},
			{"id": "340"},
			{"id": "341"},
			{"id": "345"}
		],
		"stitch": [
			{"id": "299"}
		]
	},
	{
		"id": "301",
		"conflict_degree":4,
		"stitch_degree":1,
		"conflict": [
			{"id": "296"},
			{"id": "344"},
			{"id": "346"},
			{"id": "349"}
		],
		"stitch": [
			{"id": "297"}
		]
	},
	{
		"id": "347",
		"conflict_degree":5,
		"stitch_degree":1,
		"conflict": [
			{"id": "290"},
			{"id": "291"},
			{"id": "293"},
			{"id": "294"},
			{"id": "297"}
		],
		"stitch": [
			{"id": "348"}
		]
	},
	{
		"id": "348",
		"conflict_degree":4,
		"stitch_degree":1,
		"conflict": [
			{"id": "293"},
			{"id": "294"},
			{"id": "295"},
			{"id": "296"}
		],
		"stitch": [
			{"id": "347"}
		]
	},
	{
		"id": "355",
		"conflict_degree":5,
		"stitch_degree":2,
		"conflict": [
			{"id": "354"},
			{"id": "360"},
			{"id": "387"},
			{"id": "389"},
			{"id": "390"}
		],
		"stitch": [
			{"id": "356"},
			{"id": "358"}
		]
	},
	{
		"id": "356",
		"conflict_degree":4,
		"stitch_degree":2,
		"conflict": [
			{"id": "360"},
			{"id": "378"},
			{"id": "387"},
			{"id": "389"}
		],
		"stitch": [
			{"id": "355"},
			{"id": "357"}
		]
	},
	{
		"id": "357",
		"conflict_degree":1,
		"stitch_degree":1,
		"conflict": [
			{"id": "389"}
		],
		"stitch": [
			{"id": "356"}
		]
	},
	{
		"id": "358",
		"conflict_degree":6,
		"stitch_degree":2,
		"conflict": [
			{"id": "354"},
			{"id": "386"},
			{"id": "387"},
			{"id": "388"},
			{"id": "389"},
			{"id": "391"}
		],
		"stitch": [
			{"id": "355"},
			{"id": "359"}
		]
	},
	{
		"id": "359",
		"conflict_degree":4,
		"stitch_degree":1,
		"conflict": [
			{"id": "386"},
			{"id": "387"},
			{"id": "388"},
			{"id": "391"}
		],
		"stitch": [
			{"id": "358"}
		]
	},
	{
		"id": "360",
		"conflict_degree":3,
		"stitch_degree":2,
		"conflict": [
			{"id": "355"},
			{"id": "356"},
			{"id": "387"}
		],
		"stitch": [
			{"id": "361"},
			{"id": "362"}
		]
	},
	{
		"id": "361",
		"conflict_degree":4,
		"stitch_degree":1,
		"conflict": [
			{"id": "377"},
			{"id": "378"},
			{"id": "383"},
			{"id": "385"}
		],
		"stitch": [
			{"id": "360"}
		]
	},
	{
		"id": "362",
		"conflict_degree":0,
		"stitch_degree":2,
		"conflict": [],
		"stitch": [
			{"id": "360"},
			{"id": "363"}
		]
	},
	{
		"id": "363",
		"conflict_degree":1,
		"stitch_degree":2,
		"conflict": [
			{"id": "384"}
		],
		"stitch": [
			{"id": "362"},
			{"id": "364"}
		]
	},
	{
		"id": "364",
		"conflict_degree":6,
		"stitch_degree":1,
		"conflict": [
			{"id": "365"},
			{"id": "366"},
			{"id": "375"},
			{"id": "379"},
			{"id": "381"},
			{"id": "384"}
		],
		"stitch": [
			{"id": "363"}
		]
	},
	{
		"id": "385",
		"conflict_degree":3,
		"stitch_degree":0,
		"conflict": [
			{"id": "361"},
			{"id": "386"},
			{"id": "388"}
		],
		"stitch": []
	},
	{
		"id": "386",
		"conflict_degree":4,
		"stitch_degree":1,
		"conflict": [
			{"id": "358"},
			{"id": "359"},
			{"id": "385"},
			{"id": "388"}
		],
		"stitch": [
			{"id": "387"}
		]
	},
	{
		"id": "387",
		"conflict_degree":5,
		"stitch_degree":1,
		"conflict": [
			{"id": "355"},
			{"id": "356"},
			{"id": "358"},
			{"id": "359"},
			{"id": "360"}
		],
		"stitch": [
			{"id": "386"}
		]
	},
	{
		"id": "388",
		"conflict_degree":4,
		"stitch_degree":0,
		"conflict": [
			{"id": "358"},
			{"id": "359"},
			{"id": "385"},
			{"id": "386"}
		],
		"stitch": []
	},
	{
		"id": "396",
		"conflict_degree":5,
		"stitch_degree":2,
		"conflict": [
			{"id": "394"},
			{"id": "403"},
			{"id": "427"},
			{"id": "430"},
			{"id": "431"}
		],
		"stitch": [
			{"id": "397"},
			{"id": "399"}
		]
	},
	{
		"id": "397",
		"conflict_degree":4,
		"stitch_degree":2,
		"conflict": [
			{"id": "403"},
			{"id": "426"},
			{"id": "427"},
			{"id": "430"}
		],
		"stitch": [
			{"id": "396"},
			{"id": "398"}
		]
	},
	{
		"id": "398",
		"conflict_degree":1,
		"stitch_degree":1,
		"conflict": [
			{"id": "430"}
		],
		"stitch": [
			{"id": "397"}
		]
	},
	{
		"id": "399",
		"conflict_degree":6,
		"stitch_degree":2,
		"conflict": [
			{"id": "394"},
			{"id": "395"},
			{"id": "401"},
			{"id": "427"},
			{"id": "428"},
			{"id": "430"}
		],
		"stitch": [
			{"id": "396"},
			{"id": "400"}
		]
	},
	{
		"id": "400",
		"conflict_degree":4,
		"stitch_degree":1,
		"conflict": [
			{"id": "395"},
			{"id": "401"},
			{"id": "427"},
			{"id": "428"}
		],
		"stitch": [
			{"id": "399"}
		]
	},
	{
		"id": "401",
		"conflict_degree":4,
		"stitch_degree":0,
		"conflict": [
			{"id": "399"},
			{"id": "400"},
			{"id": "402"},
			{"id": "428"}
		],
		"stitch": []
	},
	{
		"id": "402",
		"conflict_degree":3,
		"stitch_degree":0,
		"conflict": [
			{"id": "401"},
			{"id": "407"},
			{"id": "428"}
		],
		"stitch": []
	},
	{
		"id": "403",
		"conflict_degree":3,
		"stitch_degree":2,
		"conflict": [
			{"id": "396"},
			{"id": "397"},
			{"id": "427"}
		],
		"stitch": [
			{"id": "404"},
			{"id": "407"}
		]
	},
	{
		"id": "404",
		"conflict_degree":0,
		"stitch_degree":2,
		"conflict": [],
		"stitch": [
			{"id": "403"},
			{"id": "405"}
		]
	},
	{
		"id": "405",
		"conflict_degree":1,
		"stitch_degree":2,
		"conflict": [
			{"id": "425"}
		],
		"stitch": [
			{"id": "404"},
			{"id": "406"}
		]
	},
	{
		"id": "406",
		"conflict_degree":6,
		"stitch_degree":1,
		"conflict": [
			{"id": "408"},
			{"id": "409"},
			{"id": "414"},
			{"id": "420"},
			{"id": "424"},
			{"id": "425"}
		],
		"stitch": [
			{"id": "405"}
		]
	},
	{
		"id": "407",
		"conflict_degree":4,
		"stitch_degree":1,
		"conflict": [
			{"id": "402"},
			{"id": "423"},
			{"id": "426"},
			{"id": "429"}
		],
		"stitch": [
			{"id": "403"}
		]
	},
	{
		"id": "427",
		"conflict_degree":5,
		"stitch_degree":1,
		"conflict": [
			{"id": "396"},
			{"id": "397"},
			{"id": "399"},
			{"id": "400"},
			{"id": "403"}
		],
		"stitch": [
			{"id": "428"}
		]
	},
	{
		"id": "428",
		"conflict_degree":4,
		"stitch_degree":1,
		"conflict": [
			{"id": "399"},
			{"id": "400"},
			{"id": "401"},
			{"id": "402"}
		],
		"stitch": [
			{"id": "427"}
		]
	},
	{
		"id": "440",
		"conflict_degree":5,
		"stitch_degree":2,
		"conflict": [
			{"id": "438"},
			{"id": "445"},
			{"id": "477"},
			{"id": "481"},
			{"id": "482"}
		],
		"stitch": [
			{"id": "441"},
			{"id": "443"}
		]
	},
	{
		"id": "441",
		"conflict_degree":6,
		"stitch_degree":2,
		"conflict": [
			{"id": "438"},
			{"id": "439"},
			{"id": "477"},
			{"id": "478"},
			{"id": "479"},
			{"id": "481"}
		],
		"stitch": [
			{"id": "440"},
			{"id": "442"}
		]
	},
	{
		"id": "442",
		"conflict_degree":4,
		"stitch_degree":1,
		"conflict": [
			{"id": "439"},
			{"id": "477"},
			{"id": "478"},
			{"id": "479"}
		],
		"stitch": [
			{"id": "441"}
		]
	},
	{
		"id": "443",
		"conflict_degree":4,
		"stitch_degree":2,
		"conflict": [
			{"id": "445"},
			{"id": "476"},
			{"id": "477"},
			{"id": "481"}
		],
		"stitch": [
			{"id": "440"},
			{"id": "444"}
		]
	},
	{
		"id": "444",
		"conflict_degree":1,
		"stitch_degree":1,
		"conflict": [
			{"id": "481"}
		],
		"stitch": [
			{"id": "443"}
		]
	},
	{
		"id": "445",
		"conflict_degree":3,
		"stitch_degree":2,
		"conflict": [
			{"id": "440"},
			{"id": "443"},
			{"id": "477"}
		],
		"stitch": [
			{"id": "446"},
			{"id": "447"}
		]
	},
	{
		"id": "446",
		"conflict_degree":4,
		"stitch_degree":1,
		"conflict": [
			{"id": "469"},
			{"id": "475"},
			{"id": "476"},
			{"id": "480"}
		],
		"stitch": [
			{"id": "445"}
		]
	},
	{
		"id": "447",
		"conflict_degree":0,
		"stitch_degree":2,
		"conflict": [],
		"stitch": [
			{"id": "445"},
			{"id": "448"}
		]
	},
	{
		"id": "448",
		"conflict_degree":1,
		"stitch_degree":2,
		"conflict": [
			{"id": "474"}
		],
		"stitch": [
			{"id": "447"},
			{"id": "449"}
		]
	},
	{
		"id": "449",
		"conflict_degree":6,
		"stitch_degree":1,
		"conflict": [
			{"id": "450"},
			{"id": "466"},
			{"id": "468"},
			{"id": "472"},
			{"id": "473"},
			{"id": "474"}
		],
		"stitch": [
			{"id": "448"}
		]
	},
	{
		"id": "477",
		"conflict_degree":5,
		"stitch_degree":1,
		"conflict": [
			{"id": "440"},
			{"id": "441"},
			{"id": "442"},
			{"id": "443"},
			{"id": "445"}
		],
		"stitch": [
			{"id": "478"}
		]
	},
	{
		"id": "478",
		"conflict_degree":4,
		"stitch_degree":1,
		"conflict": [
			{"id": "441"},
			{"id": "442"},
			{"id": "479"},
			{"id": "480"}
		],
		"stitch": [
			{"id": "477"}
		]
	},
	{
		"id": "479",
		"conflict_degree":4,
		"stitch_degree":0,
		"conflict": [
			{"id": "441"},
			{"id": "442"},
			{"id": "478"},
			{"id": "480"}
		],
		"stitch": []
	},
	{
		"id": "480",
		"conflict_degree":3,
		"stitch_degree":0,
		"conflict": [
			{"id": "446"},
			{"id": "478"},
			{"id": "479"}
		],
		"stitch": []
	},
	{
		"id": "4112",
		"conflict_degree":6,
		"stitch_degree":1,
		"conflict": [
			{"id": "4111"},
			{"id": "4117"},
			{"id": "4118"},
			{"id": "4119"},
			{"id": "4120"},
			{"id": "4130"}
		],
		"stitch": [
			{"id": "4113"}
		]
	},
	{
		"id": "4113",
		"conflict_degree":4,
		"stitch_degree":2,
		"conflict": [
			{"id": "4115"},
			{"id": "4119"},
			{"id": "4120"},
			{"id": "4130"}
		],
		"stitch": [
			{"id": "4112"},
			{"id": "4114"}
		]
	},
	{
		"id": "4114",
		"conflict_degree":5,
		"stitch_degree":1,
		"conflict": [
			{"id": "4119"},
			{"id": "4120"},
			{"id": "4121"},
			{"id": "4130"},
			{"id": "4131"}
		],
		"stitch": [
			{"id": "4113"}
		]
	},
	{
		"id": "4115",
		"conflict_degree":6,
		"stitch_degree":0,
		"conflict": [
			{"id": "4113"},
			{"id": "4116"},
			{"id": "4118"},
			{"id": "4120"},
			{"id": "4121"},
			{"id": "4122"}
		],
		"stitch": []
	},
	{
		"id": "4117",
		"conflict_degree":4,
		"stitch_degree":1,
		"conflict": [
			{"id": "4112"},
			{"id": "4116"},
			{"id": "4119"},
			{"id": "4120"}
		],
		"stitch": [
			{"id": "4118"}
		]
	},
	{
		"id": "4118",
		"conflict_degree":5,
		"stitch_degree":1,
		"conflict": [
			{"id": "4112"},
			{"id": "4115"},
			{"id": "4116"},
			{"id": "4119"},
			{"id": "4120"}
		],
		"stitch": [
			{"id": "4117"}
		]
	},
	{
		"id": "4119",
		"conflict_degree":5,
		"stitch_degree":1,
		"conflict": [
			{"id": "4112"},
			{"id": "4113"},
			{"id": "4114"},
			{"id": "4117"},
			{"id": "4118"}
		],
		"stitch": [
			{"id": "4120"}
		]
	},
	{
		"id": "4120",
		"conflict_degree":6,
		"stitch_degree":1,
		"conflict": [
			{"id": "4112"},
			{"id": "4113"},
			{"id": "4114"},
			{"id": "4115"},
			{"id": "4117"},
			{"id": "4118"}
		],
		"stitch": [
			{"id": "4119"}
		]
	},
	{
		"id": "4508",
		"conflict_degree":6,
		"stitch_degree":1,
		"conflict": [
			{"id": "4507"},
			{"id": "4511"},
			{"id": "4512"},
			{"id": "4526"},
			{"id": "4527"},
			{"id": "4528"}
		],
		"stitch": [
			{"id": "4509"}
		]
	},
	{
		"id": "4509",
		"conflict_degree":3,
		"stitch_degree":2,
		"conflict": [
			{"id": "4514"},
			{"id": "4524"},
			{"id": "4527"}
		],
		"stitch": [
			{"id": "4508"},
			{"id": "4510"}
		]
	},
	{
		"id": "4510",
		"conflict_degree":2,
		"stitch_degree":1,
		"conflict": [
			{"id": "4514"},
			{"id": "4524"}
		],
		"stitch": [
			{"id": "4509"}
		]
	},
	{
		"id": "4511",
		"conflict_degree":3,
		"stitch_degree":1,
		"conflict": [
			{"id": "4508"},
			{"id": "4513"},
			{"id": "4524"}
		],
		"stitch": [
			{"id": "4512"}
		]
	},
	{
		"id": "4512",
		"conflict_degree":4,
		"stitch_degree":1,
		"conflict": [
			{"id": "4508"},
			{"id": "4513"},
			{"id": "4514"},
			{"id": "4524"}
		],
		"stitch": [
			{"id": "4511"}
		]
	},
	{
		"id": "4514",
		"conflict_degree":7,
		"stitch_degree":0,
		"conflict": [
			{"id": "4509"},
			{"id": "4510"},
			{"id": "4512"},
			{"id": "4513"},
			{"id": "4515"},
			{"id": "4524"},
			{"id": "4525"}
		],
		"stitch": []
	},
	{
		"id": "4524",
		"conflict_degree":5,
		"stitch_degree":0,
		"conflict": [
			{"id": "4509"},
			{"id": "4510"},
			{"id": "4511"},
			{"id": "4512"},
			{"id": "4514"}
		],
		"stitch": []
	}
]