[
	{
		"id": "921",
		"conflict_degree":3,
		"stitch_degree":2,
		"conflict": [
			{"id": "920"},
			{"id": "924"},
			{"id": "925"}
		],
		"stitch": [
			{"id": "923"},
			{"id": "922"}
		]
	},
	{
		"id": "922",
		"conflict_degree":4,
		"stitch_degree":1,
		"conflict": [
			{"id": "920"},
			{"id": "924"},
			{"id": "965"},
			{"id": "969"}
		],
		"stitch": [
			{"id": "921"}
		]
	},
	{
		"id": "923",
		"conflict_degree":5,
		"stitch_degree":1,
		"conflict": [
			{"id": "920"},
			{"id": "924"},
			{"id": "925"},
			{"id": "964"},
			{"id": "968"}
		],
		"stitch": [
			{"id": "921"}
		]
	},
	{
		"id": "924",
		"conflict_degree":5,
		"stitch_degree":0,
		"conflict": [
			{"id": "921"},
			{"id": "922"},
			{"id": "923"},
			{"id": "925"},
			{"id": "966"}
		],
		"stitch": []
	},
	{
		"id": "925",
		"conflict_degree":5,
		"stitch_degree":1,
		"conflict": [
			{"id": "921"},
			{"id": "923"},
			{"id": "924"},
			{"id": "963"},
			{"id": "964"}
		],
		"stitch": [
			{"id": "926"}
		]
	},
	{
		"id": "926",
		"conflict_degree":2,
		"stitch_degree":2,
		"conflict": [
			{"id": "934"},
			{"id": "963"}
		],
		"stitch": [
			{"id": "925"},
			{"id": "927"}
		]
	},
	{
		"id": "927",
		"conflict_degree":3,
		"stitch_degree":2,
		"conflict": [
			{"id": "932"},
			{"id": "934"},
			{"id": "963"}
		],
		"stitch": [
			{"id": "926"},
			{"id": "928"}
		]
	},
	{
		"id": "928",
		"conflict_degree":4,
		"stitch_degree":1,
		"conflict": [
			{"id": "932"},
			{"id": "934"},
			{"id": "966"},
			{"id": "967"}
		],
		"stitch": [
			{"id": "927"}
		]
	},
	{
		"id": "929",
		"conflict_degree":1,
		"stitch_degree":1,
		"conflict": [
			{"id": "965"}
		],
		"stitch": [
			{"id": "930"}
		]
	},
	{
		"id": "930",
		"conflict_degree":3,
		"stitch_degree":3,
		"conflict": [
			{"id": "960"},
			{"id": "962"},
			{"id": "967"}
		],
		"stitch": [
			{"id": "929"},
			{"id": "931"},
			{"id": "932"}
		]
	},
	{
		"id": "931",
		"conflict_degree":1,
		"stitch_degree":1,
		"conflict": [
			{"id": "935"}
		],
		"stitch": [
			{"id": "930"}
		]
	},
	{
		"id": "932",
		"conflict_degree":5,
		"stitch_degree":3,
		"conflict": [
			{"id": "927"},
			{"id": "928"},
			{"id": "961"},
			{"id": "962"},
			{"id": "963"}
		],
		"stitch": [
			{"id": "930"},
			{"id": "933"},
			{"id": "934"}
		]
	},
	{
		"id": "933",
		"conflict_degree":2,
		"stitch_degree":1,
		"conflict": [
			{"id": "961"},
			{"id": "962"}
		],
		"stitch": [
			{"id": "932"}
		]
	},
	{
		"id": "934",
		"conflict_degree":5,
		"stitch_degree":1,
		"conflict": [
			{"id": "926"},
			{"id": "927"},
			{"id": "928"},
			{"id": "962"},
			{"id": "963"}
		],
		"stitch": [
			{"id": "932"}
		]
	},
	{
		"id": "963",
		"conflict_degree":6,
		"stitch_degree":0,
		"conflict": [
			{"id": "925"},
			{"id": "926"},
			{"id": "927"},
			{"id": "932"},
			{"id": "934"},
			{"id": "964"}
		],
		"stitch": []
	},
	{
		"id": "964",
		"conflict_degree":3,
		"stitch_degree":0,
		"conflict": [
			{"id": "923"},
			{"id": "925"},
			{"id": "963"}
		],
		"stitch": []
	},
	{
		"id": "966",
		"conflict_degree":2,
		"stitch_degree":1,
		"conflict": [
			{"id": "924"},
			{"id": "928"}
		],
		"stitch": [
			{"id": "967"}
		]
	},
	{
		"id": "967",
		"conflict_degree":2,
		"stitch_degree":1,
		"conflict": [
			{"id": "928"},
			{"id": "930"}
		],
		"stitch": [
			{"id": "966"}
		]
	},
	{
		"id": "1725",
		"conflict_degree":4,
		"stitch_degree":1,
		"conflict": [
			{"id": "1724"},
			{"id": "1768"},
			{"id": "1769"},
			{"id": "1770"}
		],
		"stitch": [
			{"id": "1726"}
		]
	},
	{
		"id": "1726",
		"conflict_degree":4,
		"stitch_degree":2,
		"conflict": [
			{"id": "1724"},
			{"id": "1768"},
			{"id": "1769"},
			{"id": "1770"}
		],
		"stitch": [
			{"id": "1725"},
			{"id": "1727"}
		]
	},
	{
		"id": "1727",
		"conflict_degree":4,
		"stitch_degree":2,
		"conflict": [
			{"id": "1729"},
			{"id": "1732"},
			{"id": "1767"},
			{"id": "1769"}
		],
		"stitch": [
			{"id": "1726"},
			{"id": "1728"}
		]
	},
	{
		"id": "1728",
		"conflict_degree":3,
		"stitch_degree":1,
		"conflict": [
			{"id": "1729"},
			{"id": "1732"},
			{"id": "1767"}
		],
		"stitch": [
			{"id": "1727"}
		]
	},
	{
		"id": "1729",
		"conflict_degree":6,
		"stitch_degree":0,
		"conflict": [
			{"id": "1727"},
			{"id": "1728"},
			{"id": "1730"},
			{"id": "1731"},
			{"id": "1732"},
			{"id": "1769"}
		],
		"stitch": []
	},
	{
		"id": "1730",
		"conflict_degree":2,
		"stitch_degree":1,
		"conflict": [
			{"id": "1729"},
			{"id": "1769"}
		],
		"stitch": [
			{"id": "1731"}
		]
	},
	{
		"id": "1731",
		"conflict_degree":3,
		"stitch_degree":2,
		"conflict": [
			{"id": "1729"},
			{"id": "1733"},
			{"id": "1734"}
		],
		"stitch": [
			{"id": "1730"},
			{"id": "1732"}
		]
	},
	{
		"id": "1732",
		"conflict_degree":6,
		"stitch_degree":1,
		"conflict": [
			{"id": "1727"},
			{"id": "1728"},
			{"id": "1729"},
			{"id": "1733"},
			{"id": "1765"},
			{"id": "1767"}
		],
		"stitch": [
			{"id": "1731"}
		]
	},
	{
		"id": "1768",
		"conflict_degree":3,
		"stitch_degree":1,
		"conflict": [
			{"id": "1724"},
			{"id": "1725"},
			{"id": "1726"}
		],
		"stitch": [
			{"id": "1769"}
		]
	},
	{
		"id": "1769",
		"conflict_degree":5,
		"stitch_degree":1,
		"conflict": [
			{"id": "1725"},
			{"id": "1726"},
			{"id": "1727"},
			{"id": "1729"},
			{"id": "1730"}
		],
		"stitch": [
			{"id": "1768"}
		]
	},
	{
		"id": "2064",
		"conflict_degree":4,
		"stitch_degree":1,
		"conflict": [
			{"id": "2061"},
			{"id": "2063"},
			{"id": "2067"},
			{"id": "2158"}
		],
		"stitch": [
			{"id": "2065"}
		]
	},
	{
		"id": "2065",
		"conflict_degree":5,
		"stitch_degree":2,
		"conflict": [
			{"id": "2061"},
			{"id": "2072"},
			{"id": "2073"},
			{"id": "2154"},
			{"id": "2155"}
		],
		"stitch": [
			{"id": "2064"},
			{"id": "2066"}
		]
	},
	{
		"id": "2066",
		"conflict_degree":5,
		"stitch_degree":1,
		"conflict": [
			{"id": "2072"},
			{"id": "2073"},
			{"id": "2154"},
			{"id": "2155"},
			{"id": "2156"}
		],
		"stitch": [
			{"id": "2065"}
		]
	},
	{
		"id": "2067",
		"conflict_degree":5,
		"stitch_degree":0,
		"conflict": [
			{"id": "2064"},
			{"id": "2068"},
			{"id": "2069"},
			{"id": "2154"},
			{"id": "2155"}
		],
		"stitch": []
	},
	{
		"id": "2068",
		"conflict_degree":2,
		"stitch_degree":2,
		"conflict": [
			{"id": "2067"},
			{"id": "2074"}
		],
		"stitch": [
			{"id": "2069"},
			{"id": "2070"}
		]
	},
	{
		"id": "2069",
		"conflict_degree":1,
		"stitch_degree":1,
		"conflict": [
			{"id": "2067"}
		],
		"stitch": [
			{"id": "2068"}
		]
	},
	{
		"id": "2070",
		"conflict_degree":6,
		"stitch_degree":3,
		"conflict": [
			{"id": "2074"},
			{"id": "2151"},
			{"id": "2152"},
			{"id": "2153"},
			{"id": "2155"},
			{"id": "2156"}
		],
		"stitch": [
			{"id": "2068"},
			{"id": "2071"},
			{"id": "2072"}
		]
	},
	{
		"id": "2071",
		"conflict_degree":1,
		"stitch_degree":1,
		"conflict": [
			{"id": "2075"}
		],
		"stitch": [
			{"id": "2070"}
		]
	},
	{
		"id": "2072",
		"conflict_degree":6,
		"stitch_degree":2,
		"conflict": [
			{"id": "2065"},
			{"id": "2066"},
			{"id": "2152"},
			{"id": "2153"},
			{"id": "2156"},
			{"id": "2157"}
		],
		"stitch": [
			{"id": "2070"},
			{"id": "2073"}
		]
	},
	{
		"id": "2073",
		"conflict_degree":4,
		"stitch_degree":1,
		"conflict": [
			{"id": "2065"},
			{"id": "2066"},
			{"id": "2153"},
			{"id": "2157"}
		],
		"stitch": [
			{"id": "2072"}
		]
	},
	{
		"id": "2154",
		"conflict_degree":3,
		"stitch_degree":1,
		"conflict": [
			{"id": "2065"},
			{"id": "2066"},
			{"id": "2067"}
		],
		"stitch": [
			{"id": "2155"}
		]
	},
	{
		"id": "2155",
		"conflict_degree":5,
		"stitch_degree":1,
		"conflict": [
			{"id": "2065"},
			{"id": "2066"},
			{"id": "2067"},
			{"id": "2070"},
			{"id": "2156"}
		],
		"stitch": [
			{"id": "2154"}
		]
	},
	{
		"id": "2156",
		"conflict_degree":4,
		"stitch_degree":0,
		"conflict": [
			{"id": "2066"},
			{"id": "2070"},
			{"id": "2072"},
			{"id": "2155"}
		],
		"stitch": []
	},
	{
		"id": "4072",
		"conflict_degree":6,
		"stitch_degree":1,
		"conflict": [
			{"id": "4071"},
			{"id": "4075"},
			{"id": "4076"},
			{"id": "4093"},
			{"id": "4094"},
			{"id": "4095"}
		],
		"stitch": [
			{"id": "4073"}
		]
	},
	{
		"id": "4073",
		"conflict_degree":3,
		"stitch_degree":2,
		"conflict": [
			{"id": "4092"},
			{"id": "4093"},
			{"id": "4094"}
		],
		"stitch": [
			{"id": "4072"},
			{"id": "4074"}
		]
	},
	{
		"id": "4074",
		"conflict_degree":5,
		"stitch_degree":1,
		"conflict": [
			{"id": "4080"},
			{"id": "4090"},
			{"id": "4092"},
			{"id": "4093"},
			{"id": "4094"}
		],
		"stitch": [
			{"id": "4073"}
		]
	},
	{
		"id": "4075",
		"conflict_degree":4,
		"stitch_degree":0,
		"conflict": [
			{"id": "4072"},
			{"id": "4076"},
			{"id": "4077"},
			{"id": "4091"}
		],
		"stitch": []
	},
	{
		"id": "4076",
		"conflict_degree":3,
		"stitch_degree":1,
		"conflict": [
			{"id": "4072"},
			{"id": "4075"},
			{"id": "4091"}
		],
		"stitch": [
			{"id": "4077"}
		]
	},
	{
		"id": "4077",
		"conflict_degree":3,
		"stitch_degree":1,
		"conflict": [
			{"id": "4075"},
			{"id": "4078"},
			{"id": "4091"}
		],
		"stitch": [
			{"id": "4076"}
		]
	},
	{
		"id": "4078",
		"conflict_degree":5,
		"stitch_degree":1,
		"conflict": [
			{"id": "4077"},
			{"id": "4082"},
			{"id": "4089"},
			{"id": "4090"},
			{"id": "4091"}
		],
		"stitch": [
			{"id": "4079"}
		]
	},
	{
		"id": "4079",
		"conflict_degree":2,
		"stitch_degree":2,
		"conflict": [
			{"id": "4082"},
			{"id": "4090"}
		],
		"stitch": [
			{"id": "4078"},
			{"id": "4080"}
		]
	},
	{
		"id": "4080",
		"conflict_degree":5,
		"stitch_degree":1,
		"conflict": [
			{"id": "4074"},
			{"id": "4081"},
			{"id": "4082"},
			{"id": "4090"},
			{"id": "4092"}
		],
		"stitch": [
			{"id": "4079"}
		]
	},
	{
		"id": "4091",
		"conflict_degree":4,
		"stitch_degree":0,
		"conflict": [
			{"id": "4075"},
			{"id": "4076"},
			{"id": "4077"},
			{"id": "4078"}
		],
		"stitch": []
	},
	{
		"id": "5095",
		"conflict_degree":6,
		"stitch_degree":1,
		"conflict": [
			{"id": "5094"},
			{"id": "5114"},
			{"id": "5115"},
			{"id": "5117"},
			{"id": "5118"},
			{"id": "5119"}
		],
		"stitch": [
			{"id": "5096"}
		]
	},
	{
		"id": "5096",
		"conflict_degree":2,
		"stitch_degree":2,
		"conflict": [
			{"id": "5113"},
			{"id": "5116"}
		],
		"stitch": [
			{"id": "5095"},
			{"id": "5097"}
		]
	},
	{
		"id": "5097",
		"conflict_degree":3,
		"stitch_degree":1,
		"conflict": [
			{"id": "5098"},
			{"id": "5113"},
			{"id": "5116"}
		],
		"stitch": [
			{"id": "5096"}
		]
	},
	{
		"id": "5098",
		"conflict_degree":6,
		"stitch_degree":1,
		"conflict": [
			{"id": "5097"},
			{"id": "5109"},
			{"id": "5112"},
			{"id": "5113"},
			{"id": "5115"},
			{"id": "5116"}
		],
		"stitch": [
			{"id": "5099"}
		]
	},
	{
		"id": "5099",
		"conflict_degree":1,
		"stitch_degree":2,
		"conflict": [
			{"id": "5116"}
		],
		"stitch": [
			{"id": "5098"},
			{"id": "5100"}
		]
	},
	{
		"id": "5100",
		"conflict_degree":1,
		"stitch_degree":1,
		"conflict": [
			{"id": "5101"}
		],
		"stitch": [
			{"id": "5099"}
		]
	},
	{
		"id": "5113",
		"conflict_degree":5,
		"stitch_degree":0,
		"conflict": [
			{"id": "5096"},
			{"id": "5097"},
			{"id": "5098"},
			{"id": "5114"},
			{"id": "5115"}
		],
		"stitch": []
	},
	{
		"id": "5114",
		"conflict_degree":2,
		"stitch_degree":1,
		"conflict": [
			{"id": "5095"},
			{"id": "5113"}
		],
		"stitch": [
			{"id": "5115"}
		]
	},
	{
		"id": "5115",
		"conflict_degree":3,
		"stitch_degree":1,
		"conflict": [
			{"id": "5095"},
			{"id": "5098"},
			{"id": "5113"}
		],
		"stitch": [
			{"id": "5114"}
		]
	},
	{
		"id": "5359",
		"conflict_degree":6,
		"stitch_degree":1,
		"conflict": [
			{"id": "5361"},
			{"id": "5363"},
			{"id": "5365"},
			{"id": "5367"},
			{"id": "5407"},
			{"id": "5408"}
		],
		"stitch": [
			{"id": "5360"}
		]
	},
	{
		"id": "5360",
		"conflict_degree":5,
		"stitch_degree":1,
		"conflict": [
			{"id": "5358"},
			{"id": "5361"},
			{"id": "5363"},
			{"id": "5367"},
			{"id": "5368"}
		],
		"stitch": [
			{"id": "5359"}
		]
	},
	{
		"id": "5361",
		"conflict_degree":5,
		"stitch_degree":1,
		"conflict": [
			{"id": "5359"},
			{"id": "5360"},
			{"id": "5363"},
			{"id": "5364"},
			{"id": "5367"}
		],
		"stitch": [
			{"id": "5362"}
		]
	},
	{
		"id": "5362",
		"conflict_degree":4,
		"stitch_degree":1,
		"conflict": [
			{"id": "5363"},
			{"id": "5364"},
			{"id": "5367"},
			{"id": "5371"}
		],
		"stitch": [
			{"id": "5361"}
		]
	},
	{
		"id": "5363",
		"conflict_degree":6,
		"stitch_degree":1,
		"conflict": [
			{"id": "5359"},
			{"id": "5360"},
			{"id": "5361"},
			{"id": "5362"},
			{"id": "5365"},
			{"id": "5366"}
		],
		"stitch": [
			{"id": "5364"}
		]
	},
	{
		"id": "5364",
		"conflict_degree":4,
		"stitch_degree":1,
		"conflict": [
			{"id": "5361"},
			{"id": "5362"},
			{"id": "5365"},
			{"id": "5366"}
		],
		"stitch": [
			{"id": "5363"}
		]
	},
	{
		"id": "5365",
		"conflict_degree":3,
		"stitch_degree":1,
		"conflict": [
			{"id": "5359"},
			{"id": "5363"},
			{"id": "5364"}
		],
		"stitch": [
			{"id": "5366"}
		]
	},
	{
		"id": "5366",
		"conflict_degree":3,
		"stitch_degree":1,
		"conflict": [
			{"id": "5363"},
			{"id": "5364"},
			{"id": "5371"}
		],
		"stitch": [
			{"id": "5365"}
		]
	},
	{
		"id": "5367",
		"conflict_degree":5,
		"stitch_degree":1,
		"conflict": [
			{"id": "5359"},
			{"id": "5360"},
			{"id": "5361"},
			{"id": "5362"},
			{"id": "5406"}
		],
		"stitch": [
			{"id": "5368"}
		]
	},
	{
		"id": "5368",
		"conflict_degree":5,
		"stitch_degree":4,
		"conflict": [
			{"id": "5360"},
			{"id": "5397"},
			{"id": "5402"},
			{"id": "5405"},
			{"id": "5406"}
		],
		"stitch": [
			{"id": "5367"},
			{"id": "5369"},
			{"id": "5370"},
			{"id": "5371"}
		]
	},
	{
		"id": "5369",
		"conflict_degree":3,
		"stitch_degree":1,
		"conflict": [
			{"id": "5397"},
			{"id": "5402"},
			{"id": "5405"}
		],
		"stitch": [
			{"id": "5368"}
		]
	},
	{
		"id": "5370",
		"conflict_degree":2,
		"stitch_degree":1,
		"conflict": [
			{"id": "5405"},
			{"id": "5406"}
		],
		"stitch": [
			{"id": "5368"}
		]
	},
	{
		"id": "5371",
		"conflict_degree":4,
		"stitch_degree":2,
		"conflict": [
			{"id": "5362"},
			{"id": "5366"},
			{"id": "5401"},
			{"id": "5405"}
		],
		"stitch": [
			{"id": "5368"},
			{"id": "5372"}
		]
	},
	{
		"id": "5372",
		"conflict_degree":1,
		"stitch_degree":1,
		"conflict": [
			{"id": "5373"}
		],
		"stitch": [
			{"id": "5371"}
		]
	},
	{
		"id": "5811",
		"conflict_degree":3,
		"stitch_degree":2,
		"conflict": [
			{"id": "5809"},
			{"id": "5857"},
			{"id": "5859"}
		],
		"stitch": [
			{"id": "5814"},
			{"id": "5812"}
		]
	},
	{
		"id": "5812",
		"conflict_degree":3,
		"stitch_degree":2,
		"conflict": [
			{"id": "5809"},
			{"id": "5816"},
			{"id": "5857"}
		],
		"stitch": [
			{"id": "5811"},
			{"id": "5813"}
		]
	},
	{
		"id": "5813",
		"conflict_degree":6,
		"stitch_degree":1,
		"conflict": [
			{"id": "5809"},
			{"id": "5810"},
			{"id": "5815"},
			{"id": "5816"},
			{"id": "5817"},
			{"id": "5857"}
		],
		"stitch": [
			{"id": "5812"}
		]
	},
	{
		"id": "5814",
		"conflict_degree":5,
		"stitch_degree":1,
		"conflict": [
			{"id": "5809"},
			{"id": "5857"},
			{"id": "5859"},
			{"id": "5861"},
			{"id": "5862"}
		],
		"stitch": [
			{"id": "5811"}
		]
	},
	{
		"id": "5816",
		"conflict_degree":3,
		"stitch_degree":1,
		"conflict": [
			{"id": "5812"},
			{"id": "5813"},
			{"id": "5815"}
		],
		"stitch": [
			{"id": "5817"}
		]
	},
	{
		"id": "5817",
		"conflict_degree":3,
		"stitch_degree":2,
		"conflict": [
			{"id": "5813"},
			{"id": "5815"},
			{"id": "5856"}
		],
		"stitch": [
			{"id": "5816"},
			{"id": "5818"}
		]
	},
	{
		"id": "5818",
		"conflict_degree":4,
		"stitch_degree":2,
		"conflict": [
			{"id": "5855"},
			{"id": "5856"},
			{"id": "5858"},
			{"id": "5860"}
		],
		"stitch": [
			{"id": "5817"},
			{"id": "5819"}
		]
	},
	{
		"id": "5819",
		"conflict_degree":2,
		"stitch_degree":2,
		"conflict": [
			{"id": "5852"},
			{"id": "5856"}
		],
		"stitch": [
			{"id": "5818"},
			{"id": "5820"}
		]
	},
	{
		"id": "5820",
		"conflict_degree":3,
		"stitch_degree":1,
		"conflict": [
			{"id": "5821"},
			{"id": "5852"},
			{"id": "5856"}
		],
		"stitch": [
			{"id": "5819"}
		]
	},
	{
		"id": "5857",
		"conflict_degree":6,
		"stitch_degree":1,
		"conflict": [
			{"id": "5811"},
			{"id": "5812"},
			{"id": "5813"},
			{"id": "5814"},
			{"id": "5859"},
			{"id": "5860"}
		],
		"stitch": [
			{"id": "5858"}
		]
	},
	{
		"id": "5858",
		"conflict_degree":3,
		"stitch_degree":1,
		"conflict": [
			{"id": "5818"},
			{"id": "5859"},
			{"id": "5860"}
		],
		"stitch": [
			{"id": "5857"}
		]
	},
	{
		"id": "5859",
		"conflict_degree":4,
		"stitch_degree":1,
		"conflict": [
			{"id": "5811"},
			{"id": "5814"},
			{"id": "5857"},
			{"id": "5858"}
		],
		"stitch": [
			{"id": "5860"}
		]
	},
	{
		"id": "5860",
		"conflict_degree":3,
		"stitch_degree":1,
		"conflict": [
			{"id": "5818"},
			{"id": "5857"},
			{"id": "5858"}
		],
		"stitch": [
			{"id": "5859"}
		]
	},
	{
		"id": "6002",
		"conflict_degree":3,
		"stitch_degree":1,
		"conflict": [
			{"id": "6001"},
			{"id": "6035"},
			{"id": "6036"}
		],
		"stitch": [
			{"id": "6003"}
		]
	},
	{
		"id": "6003",
		"conflict_degree":4,
		"stitch_degree":2,
		"conflict": [
			{"id": "6001"},
			{"id": "6034"},
			{"id": "6037"},
			{"id": "6038"}
		],
		"stitch": [
			{"id": "6002"},
			{"id": "6004"}
		]
	},
	{
		"id": "6004",
		"conflict_degree":3,
		"stitch_degree":1,
		"conflict": [
			{"id": "6007"},
			{"id": "6034"},
			{"id": "6037"}
		],
		"stitch": [
			{"id": "6003"}
		]
	},
	{
		"id": "6005",
		"conflict_degree":2,
		"stitch_degree":1,
		"conflict": [
			{"id": "6034"},
			{"id": "6036"}
		],
		"stitch": [
			{"id": "6006"}
		]
	},
	{
		"id": "6006",
		"conflict_degree":3,
		"stitch_degree":2,
		"conflict": [
			{"id": "6008"},
			{"id": "6033"},
			{"id": "6034"}
		],
		"stitch": [
			{"id": "6005"},
			{"id": "6007"}
		]
	},
	{
		"id": "6007",
		"conflict_degree":5,
		"stitch_degree":1,
		"conflict": [
			{"id": "6004"},
			{"id": "6031"},
			{"id": "6033"},
			{"id": "6034"},
			{"id": "6037"}
		],
		"stitch": [
			{"id": "6006"}
		]
	},
	{
		"id": "6034",
		"conflict_degree":6,
		"stitch_degree":0,
		"conflict": [
			{"id": "6003"},
			{"id": "6004"},
			{"id": "6005"},
			{"id": "6006"},
			{"id": "6007"},
			{"id": "6036"}
		],
		"stitch": []
	},
	{
		"id": "6035",
		"conflict_degree":2,
		"stitch_degree":1,
		"conflict": [
			{"id": "6001"},
			{"id": "6002"}
		],
		"stitch": [
			{"id": "6036"}
		]
	},
	{
		"id": "6036",
		"conflict_degree":3,
		"stitch_degree":1,
		"conflict": [
			{"id": "6002"},
			{"id": "6005"},
			{"id": "6034"}
		],
		"stitch": [
			{"id": "6035"}
		]
	},
	{
		"id": "6124",
		"conflict_degree":3,
		"stitch_degree":2,
		"conflict": [
			{"id": "6123"},
			{"id": "6129"},
			{"id": "6173"}
		],
		"stitch": [
			{"id": "6125"},
			{"id": "6127"}
		]
	},
	{
		"id": "6125",
		"conflict_degree":5,
		"stitch_degree":1,
		"conflict": [
			{"id": "6128"},
			{"id": "6129"},
			{"id": "6130"},
			{"id": "6172"},
			{"id": "6173"}
		],
		"stitch": [
			{"id": "6124"}
		]
	},
	{
		"id": "6126",
		"conflict_degree":1,
		"stitch_degree":1,
		"conflict": [
			{"id": "6131"}
		],
		"stitch": [
			{"id": "6127"}
		]
	},
	{
		"id": "6127",
		"conflict_degree":1,
		"stitch_degree":2,
		"conflict": [
			{"id": "6129"}
		],
		"stitch": [
			{"id": "6124"},
			{"id": "6126"}
		]
	},
	{
		"id": "6128",
		"conflict_degree":3,
		"stitch_degree":0,
		"conflict": [
			{"id": "6125"},
			{"id": "6130"},
			{"id": "6133"}
		],
		"stitch": []
	},
	{
		"id": "6129",
		"conflict_degree":3,
		"stitch_degree":1,
		"conflict": [
			{"id": "6124"},
			{"id": "6125"},
			{"id": "6127"}
		],
		"stitch": [
			{"id": "6130"}
		]
	},
	{
		"id": "6130",
		"conflict_degree":3,
		"stitch_degree":1,
		"conflict": [
			{"id": "6125"},
			{"id": "6128"},
			{"id": "6133"}
		],
		"stitch": [
			{"id": "6129"}
		]
	},
	{
		"id": "6131",
		"conflict_degree":2,
		"stitch_degree":1,
		"conflict": [
			{"id": "6126"},
			{"id": "6170"}
		],
		"stitch": [
			{"id": "6132"}
		]
	},
	{
		"id": "6132",
		"conflict_degree":3,
		"stitch_degree":2,
		"conflict": [
			{"id": "6134"},
			{"id": "6135"},
			{"id": "6170"}
		],
		"stitch": [
			{"id": "6131"},
			{"id": "6133"}
		]
	},
	{
		"id": "6133",
		"conflict_degree":4,
		"stitch_degree":1,
		"conflict": [
			{"id": "6128"},
			{"id": "6130"},
			{"id": "6134"},
			{"id": "6135"}
		],
		"stitch": [
			{"id": "6132"}
		]
	}
]