[
	{
		"id": "605",
		"conflict_degree":7,
		"stitch_degree":1,
		"conflict": [
			{"id": "603"},
			{"id": "609"},
			{"id": "610"},
			{"id": "611"},
			{"id": "612"},
			{"id": "613"},
			{"id": "623"}
		],
		"stitch": [
			{"id": "606"}
		]
	},
	{
		"id": "606",
		"conflict_degree":3,
		"stitch_degree":2,
		"conflict": [
			{"id": "609"},
			{"id": "610"},
			{"id": "623"}
		],
		"stitch": [
			{"id": "605"},
			{"id": "607"}
		]
	},
	{
		"id": "607",
		"conflict_degree":4,
		"stitch_degree":1,
		"conflict": [
			{"id": "608"},
			{"id": "609"},
			{"id": "610"},
			{"id": "623"}
		],
		"stitch": [
			{"id": "606"}
		]
	},
	{
		"id": "608",
		"conflict_degree":3,
		"stitch_degree":0,
		"conflict": [
			{"id": "607"},
			{"id": "610"},
			{"id": "614"}
		],
		"stitch": []
	},
	{
		"id": "609",
		"conflict_degree":4,
		"stitch_degree":1,
		"conflict": [
			{"id": "605"},
			{"id": "606"},
			{"id": "607"},
			{"id": "611"}
		],
		"stitch": [
			{"id": "610"}
		]
	},
	{
		"id": "610",
		"conflict_degree":5,
		"stitch_degree":1,
		"conflict": [
			{"id": "605"},
			{"id": "606"},
			{"id": "607"},
			{"id": "608"},
			{"id": "611"}
		],
		"stitch": [
			{"id": "609"}
		]
	},
	{
		"id": "611",
		"conflict_degree":4,
		"stitch_degree":0,
		"conflict": [
			{"id": "605"},
			{"id": "609"},
			{"id": "610"},
			{"id": "612"}
		],
		"stitch": []
	},
	{
		"id": "612",
		"conflict_degree":3,
		"stitch_degree":1,
		"conflict": [
			{"id": "605"},
			{"id": "611"},
			{"id": "622"}
		],
		"stitch": [
			{"id": "613"}
		]
	},
	{
		"id": "613",
		"conflict_degree":4,
		"stitch_degree":4,
		"conflict": [
			{"id": "605"},
			{"id": "620"},
			{"id": "621"},
			{"id": "622"}
		],
		"stitch": [
			{"id": "612"},
			{"id": "614"},
			{"id": "616"},
			{"id": "617"}
		]
	},
	{
		"id": "614",
		"conflict_degree":3,
		"stitch_degree":2,
		"conflict": [
			{"id": "608"},
			{"id": "618"},
			{"id": "621"}
		],
		"stitch": [
			{"id": "613"},
			{"id": "615"}
		]
	},
	{
		"id": "615",
		"conflict_degree":0,
		"stitch_degree":1,
		"conflict": [],
		"stitch": [
			{"id": "614"}
		]
	},
	{
		"id": "616",
		"conflict_degree":2,
		"stitch_degree":1,
		"conflict": [
			{"id": "621"},
			{"id": "622"}
		],
		"stitch": [
			{"id": "613"}
		]
	},
	{
		"id": "617",
		"conflict_degree":2,
		"stitch_degree":1,
		"conflict": [
			{"id": "620"},
			{"id": "621"}
		],
		"stitch": [
			{"id": "613"}
		]
	},
	{
		"id": "692",
		"conflict_degree":3,
		"stitch_degree":1,
		"conflict": [
			{"id": "691"},
			{"id": "721"},
			{"id": "723"}
		],
		"stitch": [
			{"id": "693"}
		]
	},
	{
		"id": "693",
		"conflict_degree":3,
		"stitch_degree":2,
		"conflict": [
			{"id": "698"},
			{"id": "721"},
			{"id": "723"}
		],
		"stitch": [
			{"id": "692"},
			{"id": "694"}
		]
	},
	{
		"id": "694",
		"conflict_degree":4,
		"stitch_degree":2,
		"conflict": [
			{"id": "698"},
			{"id": "699"},
			{"id": "715"},
			{"id": "717"}
		],
		"stitch": [
			{"id": "693"},
			{"id": "695"}
		]
	},
	{
		"id": "695",
		"conflict_degree":5,
		"stitch_degree":1,
		"conflict": [
			{"id": "696"},
			{"id": "698"},
			{"id": "715"},
			{"id": "717"},
			{"id": "722"}
		],
		"stitch": [
			{"id": "694"}
		]
	},
	{
		"id": "696",
		"conflict_degree":3,
		"stitch_degree":1,
		"conflict": [
			{"id": "695"},
			{"id": "717"},
			{"id": "718"}
		],
		"stitch": [
			{"id": "697"}
		]
	},
	{
		"id": "697",
		"conflict_degree":3,
		"stitch_degree":1,
		"conflict": [
			{"id": "700"},
			{"id": "717"},
			{"id": "718"}
		],
		"stitch": [
			{"id": "696"}
		]
	},
	{
		"id": "698",
		"conflict_degree":6,
		"stitch_degree":1,
		"conflict": [
			{"id": "693"},
			{"id": "694"},
			{"id": "695"},
			{"id": "715"},
			{"id": "716"},
			{"id": "720"}
		],
		"stitch": [
			{"id": "699"}
		]
	},
	{
		"id": "699",
		"conflict_degree":4,
		"stitch_degree":4,
		"conflict": [
			{"id": "694"},
			{"id": "704"},
			{"id": "719"},
			{"id": "720"}
		],
		"stitch": [
			{"id": "698"},
			{"id": "700"},
			{"id": "702"},
			{"id": "703"}
		]
	},
	{
		"id": "700",
		"conflict_degree":5,
		"stitch_degree":2,
		"conflict": [
			{"id": "697"},
			{"id": "705"},
			{"id": "713"},
			{"id": "716"},
			{"id": "719"}
		],
		"stitch": [
			{"id": "699"},
			{"id": "701"}
		]
	},
	{
		"id": "701",
		"conflict_degree":1,
		"stitch_degree":1,
		"conflict": [
			{"id": "705"}
		],
		"stitch": [
			{"id": "700"}
		]
	},
	{
		"id": "702",
		"conflict_degree":2,
		"stitch_degree":1,
		"conflict": [
			{"id": "704"},
			{"id": "719"}
		],
		"stitch": [
			{"id": "699"}
		]
	},
	{
		"id": "703",
		"conflict_degree":2,
		"stitch_degree":1,
		"conflict": [
			{"id": "719"},
			{"id": "720"}
		],
		"stitch": [
			{"id": "699"}
		]
	},
	{
		"id": "715",
		"conflict_degree":5,
		"stitch_degree":1,
		"conflict": [
			{"id": "694"},
			{"id": "695"},
			{"id": "698"},
			{"id": "717"},
			{"id": "718"}
		],
		"stitch": [
			{"id": "716"}
		]
	},
	{
		"id": "716",
		"conflict_degree":4,
		"stitch_degree":1,
		"conflict": [
			{"id": "698"},
			{"id": "700"},
			{"id": "717"},
			{"id": "718"}
		],
		"stitch": [
			{"id": "715"}
		]
	},
	{
		"id": "717",
		"conflict_degree":6,
		"stitch_degree":1,
		"conflict": [
			{"id": "694"},
			{"id": "695"},
			{"id": "696"},
			{"id": "697"},
			{"id": "715"},
			{"id": "716"}
		],
		"stitch": [
			{"id": "718"}
		]
	},
	{
		"id": "718",
		"conflict_degree":4,
		"stitch_degree":1,
		"conflict": [
			{"id": "696"},
			{"id": "697"},
			{"id": "715"},
			{"id": "716"}
		],
		"stitch": [
			{"id": "717"}
		]
	},
	{
		"id": "903",
		"conflict_degree":5,
		"stitch_degree":1,
		"conflict": [
			{"id": "901"},
			{"id": "905"},
			{"id": "907"},
			{"id": "911"},
			{"id": "912"}
		],
		"stitch": [
			{"id": "904"}
		]
	},
	{
		"id": "904",
		"conflict_degree":6,
		"stitch_degree":1,
		"conflict": [
			{"id": "901"},
			{"id": "905"},
			{"id": "907"},
			{"id": "909"},
			{"id": "911"},
			{"id": "926"}
		],
		"stitch": [
			{"id": "903"}
		]
	},
	{
		"id": "905",
		"conflict_degree":5,
		"stitch_degree":1,
		"conflict": [
			{"id": "903"},
			{"id": "904"},
			{"id": "907"},
			{"id": "908"},
			{"id": "911"}
		],
		"stitch": [
			{"id": "906"}
		]
	},
	{
		"id": "906",
		"conflict_degree":4,
		"stitch_degree":1,
		"conflict": [
			{"id": "907"},
			{"id": "908"},
			{"id": "911"},
			{"id": "913"}
		],
		"stitch": [
			{"id": "905"}
		]
	},
	{
		"id": "907",
		"conflict_degree":6,
		"stitch_degree":1,
		"conflict": [
			{"id": "903"},
			{"id": "904"},
			{"id": "905"},
			{"id": "906"},
			{"id": "909"},
			{"id": "910"}
		],
		"stitch": [
			{"id": "908"}
		]
	},
	{
		"id": "908",
		"conflict_degree":4,
		"stitch_degree":1,
		"conflict": [
			{"id": "905"},
			{"id": "906"},
			{"id": "909"},
			{"id": "910"}
		],
		"stitch": [
			{"id": "907"}
		]
	},
	{
		"id": "909",
		"conflict_degree":3,
		"stitch_degree":1,
		"conflict": [
			{"id": "904"},
			{"id": "907"},
			{"id": "908"}
		],
		"stitch": [
			{"id": "910"}
		]
	},
	{
		"id": "910",
		"conflict_degree":3,
		"stitch_degree":1,
		"conflict": [
			{"id": "907"},
			{"id": "908"},
			{"id": "913"}
		],
		"stitch": [
			{"id": "909"}
		]
	},
	{
		"id": "911",
		"conflict_degree":5,
		"stitch_degree":1,
		"conflict": [
			{"id": "903"},
			{"id": "904"},
			{"id": "905"},
			{"id": "906"},
			{"id": "925"}
		],
		"stitch": [
			{"id": "912"}
		]
	},
	{
		"id": "912",
		"conflict_degree":4,
		"stitch_degree":4,
		"conflict": [
			{"id": "903"},
			{"id": "923"},
			{"id": "924"},
			{"id": "925"}
		],
		"stitch": [
			{"id": "911"},
			{"id": "913"},
			{"id": "915"},
			{"id": "916"}
		]
	},
	{
		"id": "913",
		"conflict_degree":4,
		"stitch_degree":2,
		"conflict": [
			{"id": "906"},
			{"id": "910"},
			{"id": "917"},
			{"id": "924"}
		],
		"stitch": [
			{"id": "912"},
			{"id": "914"}
		]
	},
	{
		"id": "914",
		"conflict_degree":0,
		"stitch_degree":1,
		"conflict": [],
		"stitch": [
			{"id": "913"}
		]
	},
	{
		"id": "915",
		"conflict_degree":2,
		"stitch_degree":1,
		"conflict": [
			{"id": "923"},
			{"id": "924"}
		],
		"stitch": [
			{"id": "912"}
		]
	},
	{
		"id": "916",
		"conflict_degree":2,
		"stitch_degree":1,
		"conflict": [
			{"id": "924"},
			{"id": "925"}
		],
		"stitch": [
			{"id": "912"}
		]
	}
]