[
	{
		"id": "165",
		"conflict_degree":3,
		"stitch_degree":1,
		"conflict": [
			{"id": "163"},
			{"id": "215"},
			{"id": "217"}
		],
		"stitch": [
			{"id": "166"}
		]
	},
	{
		"id": "166",
		"conflict_degree":2,
		"stitch_degree":2,
		"conflict": [
			{"id": "215"},
			{"id": "217"}
		],
		"stitch": [
			{"id": "165"},
			{"id": "167"}
		]
	},
	{
		"id": "167",
		"conflict_degree":4,
		"stitch_degree":2,
		"conflict": [
			{"id": "169"},
			{"id": "208"},
			{"id": "214"},
			{"id": "215"}
		],
		"stitch": [
			{"id": "166"},
			{"id": "168"}
		]
	},
	{
		"id": "168",
		"conflict_degree":4,
		"stitch_degree":1,
		"conflict": [
			{"id": "210"},
			{"id": "211"},
			{"id": "213"},
			{"id": "214"}
		],
		"stitch": [
			{"id": "167"}
		]
	},
	{
		"id": "169",
		"conflict_degree":3,
		"stitch_degree":1,
		"conflict": [
			{"id": "167"},
			{"id": "207"},
			{"id": "208"}
		],
		"stitch": [
			{"id": "170"}
		]
	},
	{
		"id": "170",
		"conflict_degree":2,
		"stitch_degree":2,
		"conflict": [
			{"id": "207"},
			{"id": "208"}
		],
		"stitch": [
			{"id": "169"},
			{"id": "171"}
		]
	},
	{
		"id": "171",
		"conflict_degree":3,
		"stitch_degree":2,
		"conflict": [
			{"id": "174"},
			{"id": "206"},
			{"id": "212"}
		],
		"stitch": [
			{"id": "170"},
			{"id": "172"}
		]
	},
	{
		"id": "172",
		"conflict_degree":2,
		"stitch_degree":1,
		"conflict": [
			{"id": "173"},
			{"id": "206"}
		],
		"stitch": [
			{"id": "171"}
		]
	},
	{
		"id": "208",
		"conflict_degree":5,
		"stitch_degree":0,
		"conflict": [
			{"id": "167"},
			{"id": "169"},
			{"id": "170"},
			{"id": "209"},
			{"id": "210"}
		],
		"stitch": []
	},
	{
		"id": "209",
		"conflict_degree":1,
		"stitch_degree":1,
		"conflict": [
			{"id": "208"}
		],
		"stitch": [
			{"id": "210"}
		]
	},
	{
		"id": "210",
		"conflict_degree":3,
		"stitch_degree":2,
		"conflict": [
			{"id": "168"},
			{"id": "208"},
			{"id": "213"}
		],
		"stitch": [
			{"id": "209"},
			{"id": "211"}
		]
	},
	{
		"id": "211",
		"conflict_degree":2,
		"stitch_degree":2,
		"conflict": [
			{"id": "168"},
			{"id": "213"}
		],
		"stitch": [
			{"id": "210"},
			{"id": "212"}
		]
	},
	{
		"id": "212",
		"conflict_degree":1,
		"stitch_degree":1,
		"conflict": [
			{"id": "171"}
		],
		"stitch": [
			{"id": "211"}
		]
	},
	{
		"id": "1852",
		"conflict_degree":3,
		"stitch_degree":1,
		"conflict": [
			{"id": "1850"},
			{"id": "1851"},
			{"id": "1880"}
		],
		"stitch": [
			{"id": "1853"}
		]
	},
	{
		"id": "1853",
		"conflict_degree":2,
		"stitch_degree":2,
		"conflict": [
			{"id": "1851"},
			{"id": "1880"}
		],
		"stitch": [
			{"id": "1852"},
			{"id": "1854"}
		]
	},
	{
		"id": "1854",
		"conflict_degree":4,
		"stitch_degree":2,
		"conflict": [
			{"id": "1856"},
			{"id": "1858"},
			{"id": "1881"},
			{"id": "1882"}
		],
		"stitch": [
			{"id": "1853"},
			{"id": "1855"}
		]
	},
	{
		"id": "1855",
		"conflict_degree":4,
		"stitch_degree":1,
		"conflict": [
			{"id": "1873"},
			{"id": "1874"},
			{"id": "1877"},
			{"id": "1881"}
		],
		"stitch": [
			{"id": "1854"}
		]
	},
	{
		"id": "1856",
		"conflict_degree":5,
		"stitch_degree":1,
		"conflict": [
			{"id": "1854"},
			{"id": "1858"},
			{"id": "1859"},
			{"id": "1860"},
			{"id": "1879"}
		],
		"stitch": [
			{"id": "1857"}
		]
	},
	{
		"id": "1857",
		"conflict_degree":3,
		"stitch_degree":1,
		"conflict": [
			{"id": "1859"},
			{"id": "1860"},
			{"id": "1879"}
		],
		"stitch": [
			{"id": "1856"}
		]
	},
	{
		"id": "1858",
		"conflict_degree":4,
		"stitch_degree":0,
		"conflict": [
			{"id": "1854"},
			{"id": "1856"},
			{"id": "1859"},
			{"id": "1876"}
		],
		"stitch": []
	},
	{
		"id": "1859",
		"conflict_degree":5,
		"stitch_degree":1,
		"conflict": [
			{"id": "1856"},
			{"id": "1857"},
			{"id": "1858"},
			{"id": "1872"},
			{"id": "1876"}
		],
		"stitch": [
			{"id": "1860"}
		]
	},
	{
		"id": "1860",
		"conflict_degree":4,
		"stitch_degree":2,
		"conflict": [
			{"id": "1856"},
			{"id": "1857"},
			{"id": "1872"},
			{"id": "1876"}
		],
		"stitch": [
			{"id": "1859"},
			{"id": "1861"}
		]
	},
	{
		"id": "1861",
		"conflict_degree":3,
		"stitch_degree":1,
		"conflict": [
			{"id": "1864"},
			{"id": "1865"},
			{"id": "1872"}
		],
		"stitch": [
			{"id": "1860"}
		]
	},
	{
		"id": "1862",
		"conflict_degree":3,
		"stitch_degree":1,
		"conflict": [
			{"id": "1867"},
			{"id": "1875"},
			{"id": "1878"}
		],
		"stitch": [
			{"id": "1863"}
		]
	},
	{
		"id": "1863",
		"conflict_degree":2,
		"stitch_degree":2,
		"conflict": [
			{"id": "1867"},
			{"id": "1878"}
		],
		"stitch": [
			{"id": "1862"},
			{"id": "1864"}
		]
	},
	{
		"id": "1864",
		"conflict_degree":3,
		"stitch_degree":2,
		"conflict": [
			{"id": "1861"},
			{"id": "1867"},
			{"id": "1872"}
		],
		"stitch": [
			{"id": "1863"},
			{"id": "1865"}
		]
	},
	{
		"id": "1865",
		"conflict_degree":2,
		"stitch_degree":2,
		"conflict": [
			{"id": "1861"},
			{"id": "1871"}
		],
		"stitch": [
			{"id": "1864"},
			{"id": "1866"}
		]
	},
	{
		"id": "1866",
		"conflict_degree":2,
		"stitch_degree":1,
		"conflict": [
			{"id": "1868"},
			{"id": "1871"}
		],
		"stitch": [
			{"id": "1865"}
		]
	},
	{
		"id": "1872",
		"conflict_degree":6,
		"stitch_degree":0,
		"conflict": [
			{"id": "1859"},
			{"id": "1860"},
			{"id": "1861"},
			{"id": "1864"},
			{"id": "1874"},
			{"id": "1875"}
		],
		"stitch": []
	},
	{
		"id": "1873",
		"conflict_degree":3,
		"stitch_degree":1,
		"conflict": [
			{"id": "1855"},
			{"id": "1876"},
			{"id": "1877"}
		],
		"stitch": [
			{"id": "1874"}
		]
	},
	{
		"id": "1874",
		"conflict_degree":5,
		"stitch_degree":2,
		"conflict": [
			{"id": "1855"},
			{"id": "1872"},
			{"id": "1876"},
			{"id": "1877"},
			{"id": "1878"}
		],
		"stitch": [
			{"id": "1873"},
			{"id": "1875"}
		]
	},
	{
		"id": "1875",
		"conflict_degree":3,
		"stitch_degree":1,
		"conflict": [
			{"id": "1862"},
			{"id": "1872"},
			{"id": "1878"}
		],
		"stitch": [
			{"id": "1874"}
		]
	},
	{
		"id": "1876",
		"conflict_degree":5,
		"stitch_degree":0,
		"conflict": [
			{"id": "1858"},
			{"id": "1859"},
			{"id": "1860"},
			{"id": "1873"},
			{"id": "1874"}
		],
		"stitch": []
	},
	{
		"id": "1998",
		"conflict_degree":5,
		"stitch_degree":1,
		"conflict": [
			{"id": "1995"},
			{"id": "2002"},
			{"id": "2004"},
			{"id": "2006"},
			{"id": "2007"}
		],
		"stitch": [
			{"id": "1999"}
		]
	},
	{
		"id": "1999",
		"conflict_degree":6,
		"stitch_degree":1,
		"conflict": [
			{"id": "1995"},
			{"id": "2000"},
			{"id": "2002"},
			{"id": "2004"},
			{"id": "2006"},
			{"id": "2025"}
		],
		"stitch": [
			{"id": "1998"}
		]
	},
	{
		"id": "2000",
		"conflict_degree":3,
		"stitch_degree":1,
		"conflict": [
			{"id": "1999"},
			{"id": "2002"},
			{"id": "2003"}
		],
		"stitch": [
			{"id": "2001"}
		]
	},
	{
		"id": "2001",
		"conflict_degree":3,
		"stitch_degree":1,
		"conflict": [
			{"id": "2002"},
			{"id": "2003"},
			{"id": "2009"}
		],
		"stitch": [
			{"id": "2000"}
		]
	},
	{
		"id": "2002",
		"conflict_degree":6,
		"stitch_degree":1,
		"conflict": [
			{"id": "1998"},
			{"id": "1999"},
			{"id": "2000"},
			{"id": "2001"},
			{"id": "2004"},
			{"id": "2005"}
		],
		"stitch": [
			{"id": "2003"}
		]
	},
	{
		"id": "2003",
		"conflict_degree":4,
		"stitch_degree":1,
		"conflict": [
			{"id": "2000"},
			{"id": "2001"},
			{"id": "2004"},
			{"id": "2005"}
		],
		"stitch": [
			{"id": "2002"}
		]
	},
	{
		"id": "2004",
		"conflict_degree":5,
		"stitch_degree":1,
		"conflict": [
			{"id": "1998"},
			{"id": "1999"},
			{"id": "2002"},
			{"id": "2003"},
			{"id": "2006"}
		],
		"stitch": [
			{"id": "2005"}
		]
	},
	{
		"id": "2005",
		"conflict_degree":4,
		"stitch_degree":1,
		"conflict": [
			{"id": "2002"},
			{"id": "2003"},
			{"id": "2006"},
			{"id": "2009"}
		],
		"stitch": [
			{"id": "2004"}
		]
	},
	{
		"id": "2006",
		"conflict_degree":5,
		"stitch_degree":1,
		"conflict": [
			{"id": "1998"},
			{"id": "1999"},
			{"id": "2004"},
			{"id": "2005"},
			{"id": "2023"}
		],
		"stitch": [
			{"id": "2007"}
		]
	},
	{
		"id": "2007",
		"conflict_degree":5,
		"stitch_degree":4,
		"conflict": [
			{"id": "1998"},
			{"id": "2012"},
			{"id": "2022"},
			{"id": "2023"},
			{"id": "2024"}
		],
		"stitch": [
			{"id": "2006"},
			{"id": "2008"},
			{"id": "2009"},
			{"id": "2011"}
		]
	},
	{
		"id": "2008",
		"conflict_degree":3,
		"stitch_degree":1,
		"conflict": [
			{"id": "2012"},
			{"id": "2022"},
			{"id": "2024"}
		],
		"stitch": [
			{"id": "2007"}
		]
	},
	{
		"id": "2009",
		"conflict_degree":4,
		"stitch_degree":2,
		"conflict": [
			{"id": "2001"},
			{"id": "2005"},
			{"id": "2020"},
			{"id": "2024"}
		],
		"stitch": [
			{"id": "2007"},
			{"id": "2010"}
		]
	},
	{
		"id": "2010",
		"conflict_degree":0,
		"stitch_degree":1,
		"conflict": [],
		"stitch": [
			{"id": "2009"}
		]
	},
	{
		"id": "2011",
		"conflict_degree":2,
		"stitch_degree":1,
		"conflict": [
			{"id": "2023"},
			{"id": "2024"}
		],
		"stitch": [
			{"id": "2007"}
		]
	},
	{
		"id": "2138",
		"conflict_degree":3,
		"stitch_degree":2,
		"conflict": [
			{"id": "2137"},
			{"id": "2146"},
			{"id": "2157"}
		],
		"stitch": [
			{"id": "2139"},
			{"id": "2142"}
		]
	},
	{
		"id": "2139",
		"conflict_degree":3,
		"stitch_degree":2,
		"conflict": [
			{"id": "2144"},
			{"id": "2146"},
			{"id": "2147"}
		],
		"stitch": [
			{"id": "2138"},
			{"id": "2140"}
		]
	},
	{
		"id": "2140",
		"conflict_degree":5,
		"stitch_degree":2,
		"conflict": [
			{"id": "2143"},
			{"id": "2145"},
			{"id": "2146"},
			{"id": "2147"},
			{"id": "2153"}
		],
		"stitch": [
			{"id": "2139"},
			{"id": "2141"}
		]
	},
	{
		"id": "2141",
		"conflict_degree":4,
		"stitch_degree":1,
		"conflict": [
			{"id": "2143"},
			{"id": "2145"},
			{"id": "2147"},
			{"id": "2153"}
		],
		"stitch": [
			{"id": "2140"}
		]
	},
	{
		"id": "2142",
		"conflict_degree":2,
		"stitch_degree":1,
		"conflict": [
			{"id": "2156"},
			{"id": "2157"}
		],
		"stitch": [
			{"id": "2138"}
		]
	},
	{
		"id": "2145",
		"conflict_degree":5,
		"stitch_degree":0,
		"conflict": [
			{"id": "2140"},
			{"id": "2141"},
			{"id": "2147"},
			{"id": "2148"},
			{"id": "2153"}
		],
		"stitch": []
	},
	{
		"id": "2146",
		"conflict_degree":4,
		"stitch_degree":1,
		"conflict": [
			{"id": "2138"},
			{"id": "2139"},
			{"id": "2140"},
			{"id": "2151"}
		],
		"stitch": [
			{"id": "2147"}
		]
	},
	{
		"id": "2147",
		"conflict_degree":5,
		"stitch_degree":2,
		"conflict": [
			{"id": "2139"},
			{"id": "2140"},
			{"id": "2141"},
			{"id": "2145"},
			{"id": "2151"}
		],
		"stitch": [
			{"id": "2146"},
			{"id": "2148"}
		]
	},
	{
		"id": "2148",
		"conflict_degree":4,
		"stitch_degree":2,
		"conflict": [
			{"id": "2145"},
			{"id": "2151"},
			{"id": "2152"},
			{"id": "2155"}
		],
		"stitch": [
			{"id": "2147"},
			{"id": "2149"}
		]
	},
	{
		"id": "2149",
		"conflict_degree":3,
		"stitch_degree":2,
		"conflict": [
			{"id": "2151"},
			{"id": "2152"},
			{"id": "2155"}
		],
		"stitch": [
			{"id": "2148"},
			{"id": "2150"}
		]
	},
	{
		"id": "2150",
		"conflict_degree":1,
		"stitch_degree":1,
		"conflict": [
			{"id": "2151"}
		],
		"stitch": [
			{"id": "2149"}
		]
	},
	{
		"id": "2152",
		"conflict_degree":4,
		"stitch_degree":1,
		"conflict": [
			{"id": "2148"},
			{"id": "2149"},
			{"id": "2154"},
			{"id": "2155"}
		],
		"stitch": [
			{"id": "2153"}
		]
	},
	{
		"id": "2153",
		"conflict_degree":4,
		"stitch_degree":1,
		"conflict": [
			{"id": "2140"},
			{"id": "2141"},
			{"id": "2145"},
			{"id": "2154"}
		],
		"stitch": [
			{"id": "2152"}
		]
	}
]